-- phpMyAdmin SQL Dump
-- version 5.2.3
-- https://www.phpmyadmin.net/
--
-- Host: localhost
-- Generation Time: Dec 11, 2025 at 09:17 PM
-- Server version: 8.0.44
-- PHP Version: 8.2.29

SET SQL_MODE = "NO_AUTO_VALUE_ON_ZERO";
START TRANSACTION;
SET time_zone = "+00:00";


/*!40101 SET @OLD_CHARACTER_SET_CLIENT=@@CHARACTER_SET_CLIENT */;
/*!40101 SET @OLD_CHARACTER_SET_RESULTS=@@CHARACTER_SET_RESULTS */;
/*!40101 SET @OLD_COLLATION_CONNECTION=@@COLLATION_CONNECTION */;
/*!40101 SET NAMES utf8mb4 */;

--
-- Database: `course-hub-db`
--

-- --------------------------------------------------------

--
-- Table structure for table `courses`
--

CREATE TABLE `courses` (
  `id` varchar(10) COLLATE utf8mb4_general_ci NOT NULL,
  `author` varchar(20) COLLATE utf8mb4_general_ci NOT NULL,
  `category` varchar(100) COLLATE utf8mb4_general_ci NOT NULL,
  `title` varchar(100) COLLATE utf8mb4_general_ci NOT NULL,
  `rating` int NOT NULL,
  `hours` varchar(20) COLLATE utf8mb4_general_ci NOT NULL,
  `level` varchar(20) CHARACTER SET utf8mb4 COLLATE utf8mb4_general_ci NOT NULL,
  `image` varchar(1500) CHARACTER SET utf8mb4 COLLATE utf8mb4_general_ci NOT NULL COMMENT 'imgPath for FrontEnd'
) ENGINE=InnoDB DEFAULT CHARSET=utf8mb4 COLLATE=utf8mb4_general_ci;

--
-- Dumping data for table `courses`
--

INSERT INTO `courses` (`id`, `author`, `category`, `title`, `rating`, `hours`, `level`, `image`) VALUES
('C01', 'Jessalin Heber', 'Uxui', 'Basic HTML Theory for Beginners', 4, '12 hours', 'advanced', 'data:image/png;base64,iVBORw0KGgoAAAANSUhEUgAAABAAAAAQCAYAAAAf8/9hAAAABGdBTUEAAK/INwWK6QAAABl0RVh0U29mdHdhcmUAQWRvYmUgSW1hZ2VSZWFkeXHJZTwAAAH3SURBVDjLjZNPaxpRFMXTfo4E+h1S8hmy7bJ0G+i60ECg2QXaIqVaqwttplXCSEMNDlZTqdEaEkyslIo4s9BG4yIOYzIo/v+Xnrz7UofR2DYDh1m8d37v3vPenQMwR2LfPNMi09J/dI/pruEzARZ7vV59OBxejkYjzBJbh8PheGOGmAFLZG61Wmi328jlchBFEYIgIB6PQ9M0DlFVFU6n04CMzXcIQBu63S5qtRp8Ph/K5TKy2SxCoRCq1SoHdDod0CEul+saMg3o9/vI5/MIh8OoVCpwu92QJAmBQACxWGyiJZ7JNIC1gUKhgGAwCEVR4PF4YLfbkUgkYLFYeCUE/ifA7/cjnU7z8lOpFP8nk0lYrVbenq7rswFJpQ7bThFbgUPIsoxoNMqzoCpsNhuHNZtNNBqNm4Anr3btL7dPIR2dY917Aqe4xyvJZDL8RuhkyodCJE0Ann8srW2Ipd+fj3VEfujYimtYea1MBEatEYBE78EAMOPqM2+pLx1dIPxdx6cDqqCID19VbhprMBhwkXkCsCqcdHcOzxE8vsD2fhVr74vwRlXjVLPZLAPw+G2hthmpQPym4em7XxAiZzdKnyUD8PCF/OjBhlxfXv/ZcX85Y/Qh/jYLU7o0QvxzE/dZQG1auI2Z7W3y6TUBFghyi3Eei0Z/4QrVT8W6WBitpQAAAABJRU5ErkJggg=='),
('C02', 'Jarid MacNalley', 'Python', 'Basic HTML Theory for Beginners', 2, '18 hours', 'Intermediate', 'data:image/png;base64,iVBORw0KGgoAAAANSUhEUgAAABAAAAAQCAYAAAAf8/9hAAAABGdBTUEAAK/INwWK6QAAABl0RVh0U29mdHdhcmUAQWRvYmUgSW1hZ2VSZWFkeXHJZTwAAAKySURBVDjLjZNbSNNRHMcXuoceFHrzpQdfsjd9FOzBMimIkWUKYT5Y5gVT0ES7EIqSWq2XZROJIHTd9hBDWKhbMJssbU1D527t4q4Onbvo7pv7ds6hiemLB76c3/nx+37O75z//3AAcA5KpVKVKRSKUZlMtiSVSrckEklALBYbRSLR2PvJsfLD9fuBWq3OI2YhMScdDgf8fj92dnYQiUQQCoWg1+sw9vppalw4ODkqGMn/D/DPPG2xWJDJZBCLxUAhdrsdPp8P6XQamXQUqagRCvkHvHjWqxwZfpK/D6A7U3MymQQdqVQKdG02mxEMBhk0EfUgHtZhL/4Hs1/fYaCvfZIBiLmUtL0XDoeZYXd3l0HcbjcMBgNoPp1OIRIyIBHWsy6SRF2dLXvd99vKOMQsdDqdoDIajcxEz0xBGxsbLE7EQwSgJUYHibdJhwkolUo0NzcLOSUlJTiu6N1QcCAQgNVqRUNDw28G0Gq1MJlMmJ+fx8TEBCums8vlYvlsjl6szWbD+vo6vF4v6urqfAxAi7ImCqGiuWw+O6vWbFjUmpkMdg+uVdduHwFQZc0HAT0VZ6GoL4K8govZ2tOY4Xfj8tUbuiNHyILonD3CVF8jNJ2liElfIqObRuRTF37eK8bwpTOqY13ix/MnESVmCHhA7ylgqBBbz8shvch1sx9JIBAI5+bm4A2ST+legc6+jFXrLyybFqExqFjbGc0XHByBvgLIL+RmGIDP5+cNDg3IP0+JYN3UMwgFLJkWoDH+gKymAOG3dwBiivdw4Ceyt+RgpjLHtf+Y+vv78x487nnT2tGUksyIsbD6nUFWLGooBW1YuFsET28hNh9yYWk8gW+83PR0Zc4jzuHn2dHRfq6ptXG8/vYtbc3N6/6qap6fV3VF+6q6eFFayfXQtsnOTmqm9X8BjufboeKd+1kAAAAASUVORK5CYII='),
('C03', 'Shel Van der Velde', 'Uxui', 'Basic HTML Theory for Beginners', 4, '18 hours', 'Intermediate', 'data:image/png;base64,iVBORw0KGgoAAAANSUhEUgAAABAAAAAQCAYAAAAf8/9hAAAABGdBTUEAAK/INwWK6QAAABl0RVh0U29mdHdhcmUAQWRvYmUgSW1hZ2VSZWFkeXHJZTwAAALISURBVBgZfcFLbFRVHMDh37mPeXQ6M8VaGSvYilRgqmLSKErcSdSVaGIQoytkx0pDQjRx5Up3btSY+IjGFRhWJCQaNYZEQA1YMGWqlXYs6XPK3LnzuI9zzt8aazQG+T4lItzMK8/uHbuzMnhkqNz/mGDMStD+cnZh9YO3Pz8/xTolIvyfNw7tO7T9js2vj+24e3TzsICUWF3qUb9aW7g0t/Tmldnld5SI8F8vPzXhjG0f+WR8pHywujXj3rLN4A7WsEmOYP5FbMZn5soP5uTX3x/0uIFto8PvP/LAxAvjlSYqvkBad6Cvn05q+Tj+jLzOs3/Lk+79u5ZecriB4YHC8zsv/Y4+eQ1ty9jsKK35A9Rr47iOQNLDj0KGSvmqN33qwYu5UrWqlMPfstmCLwnYjEen+AS1qXOtUt+kL5Vd+RNzeyiYhOcGariKoqfE2bn10Y98pRQI64SL3x5m9fE99PuWsLnGYmO6P1hzVd9glR4lHGmDsoB4HloibJKNF9/FJC44JbxNBS78eBbfRty3e4J779nr+K5DLpzhWOMcI7dvIfTz/Lpy/ZRHqhyxCSbJIFawvToT1Tad5QZ6eZFoZgqfv0TA7gLQmuS7a3ed/+Ls9KseSnJW9+gsLBMvzWCTLm62zMjTH6JQzP/yEznTJe/n0CYldgq0vjrKiW9+PnD89OU5j9TBy9/G0MOvARZEEBuiW2ew0VXKuQ6NxSZtkyKqy6axo/zp+OnLc6zzSEXERNjuJGICxITYaBbEIjYi4/SoVBLEtBHTJT9QZpV/eMSIWI1NVxAdICZAbAyiQWLEdhHTweoQMSEoxb95JCIKg+g1RDcR3URMgOgAMQGiQ8S0ENNBbISN66yL2OBJYq/rbqMvbWeK2KIj4oMtgtyKmBhIECcGEpRjMFEkktiYDZ5E8Vu/vffMQwj7UBS5GQHUmQQrn7LhDzEafwIN5+bTAAAAAElFTkSuQmCC'),
('C06', 'Cari Stoffersen', 'Html', 'Python for Engineer', 3, '18 hours', 'advanced', 'data:image/png;base64,iVBORw0KGgoAAAANSUhEUgAAABAAAAAQCAYAAAAf8/9hAAAABGdBTUEAAK/INwWK6QAAABl0RVh0U29mdHdhcmUAQWRvYmUgSW1hZ2VSZWFkeXHJZTwAAAJWSURBVDjLpZLva1JRGMf9F4JgEEGjIG5vetGoSz8hmGVN023qbTklTdmyHxaN2OLuF5nDsSYWNZyLHM0fZOVetGx4dXNuU0GvL6INKioKutWtKDZaRLenc+AWxbUY9OIDh8Pz/T7f5zlHBgCy/+HXgQ01kmzYFGPDZr4UsQpsyCIUho18boiKzV6tJ/9pwIaNtlLEzLEhE1sYPkTnr1FEzq8ncoM6OjtIsdkBipvyamxlDXBnLC6OGFylFwsbEFqEA3EcoUKszXg1roy3nku5lZIksmLIFCsGTSwqJBBHEW2Is4gWxGmEAVGZ7lezSbcyVibBYb4QaKBRUR2iVRSfEcU4hR1RnXTV0Cm3ipcYlMIWIT9E4e7Hfuv6cwScqAmnSHQriFSvWpCOEDQLWZ+OEAux8KRo1izeWRHU/Q45kXQppQb56wY+O6DFIyhEof17awt8c5yAr0cssKTVw6JcAZ82b4MP6zeCxGDWp0fvrMNLrEToETYs/pKbgKXJOHy+dwcWoyOwEPDDu1XrpAaZS7Xk9BUdl/ao8TOuQewu1xmL365YDaOOHQ2SjzTZd8A25dFwqV4Vyzj30eOde4h4u5yIn6um0311wtzdNnhZ8MHT6YvAnFfDreatFZKvzFzYTyJijEvJ42Uxzhoh3rH3Y6JbCY8neuD1wxvwZj4IjxJdELXuFCKWLRV/GPyN0VO7jOn+g/BsxgPcgwA8z16GvN8MPQriybIMMLft242Msxbmx9phbqwTMl49RJvI98s2wNy0kcZgYxWMdynQCOSroGnTSnz/A5Fyv6NS2MnjAAAAAElFTkSuQmCC'),
('C10', 'Cecelia Chazelle', 'Html', 'Java Script for Front Developer', 5, '40 hours', 'Intermediate', 'data:image/png;base64,iVBORw0KGgoAAAANSUhEUgAAABAAAAAQCAYAAAAf8/9hAAAABGdBTUEAAK/INwWK6QAAABl0RVh0U29mdHdhcmUAQWRvYmUgSW1hZ2VSZWFkeXHJZTwAAANjSURBVDjLbZNdTFtlAEDPd+9tKS20HS1/tbAuDNyEEMffIv5hMkW3RU2my96ci/HF6IPZgz65LEZnYnzQxFezJYtREzaJ06hkA8zGgs4hIOOnAyZdadpy296WS2+5vdfXYTzv57wdYds2D1JQE62amjyiZycfMwvzdaWsXsL76Iw/2HGxubP/Nv9BPBhQ48uvpefOfewPtTRKspui6WJ7s8i2niMRX425Gl7+rC4U+jKyr8vYEdALmje9On9RMc8fLd+W2TU4SNlQEdsq+XQcWYQo5jdI3/2DRF5bjHS98VzHoZP3AER+c1NJR7+9oYi13kBdLxtjo1S1ezDUGbJTcTwtu6j2N6L49iM5aogv/cnC32tzT5w61+8NtuXkd996/Z3UF2dPNT1/jPLmIoYxQeqnW+j3szQ+eRCH0we2DcUUhhqjOtSNc2u9Njo96/d4nCPym6+Gf/D19bgzP49R3eykkIyRm82w+/ABHLKAchnJtLDMEnapRDGrU9nQydK1S10YxSnFKs4FvOHjbKjnSc2ukJ9XaTvezf2bsxRzZYRTwRV0ozideNwKFY4c5epmlGCHdHloZFBJz8YI790m/MIzLF4YpmyBwxUk8tTjYJYQNmjJJJZhkk1qbOdKONYnqfVUoydXDyj6+CT603EU28LhdxJoDXLr61/pOjaAjMAWMr7aemzTwOtzIUwDXAGyWeiPVOWl0CsDaMsZ5i9fhapKwi3tNPXsYeL7CdRUHiHZ2AhsIYEMWCaSqwajkCGRtdYU05T0itYGd1W6HT21RCGToi7cgMsXYPq3eYSQ2d8XwV8FkmUiXB6E4mHj3iqFItfEX9988lFmc+X9UGA3lcY0mfUkbY+EQAgsRSGnFrnz+xqYFhVuiYbuw8yMjPPdldFL0aJ0UqTuXK+6MfT5dUPb6jx64ggz4zd5OLKFSyqBDbYsYQsbWfFTkFr5Z2KSqxeGNK2jvv3MUCImBff1F7yhrpcWlu9Gp0Z+IfhQE/nKXjYdESylHlHRjBzsB9ce5OURtOiVFa25+tkzQ4nYjpmGPz3tSSSi79VkZ9/2+lt8NXvbUO1KPLaGV1/HiI0Z0ThfzSWsD86Oa8n/vRHgwxM9A35LPeRUswf9TjxJtzM9GbUWVhPZ0Rf7/D+eHk7uEP4FZ6iVh4fSzgIAAAAASUVORK5CYII='),
('C16', 'Gerard Bole', 'Python', 'Python for Engineer', 3, '40 hours', 'advanced', 'data:image/png;base64,iVBORw0KGgoAAAANSUhEUgAAABAAAAAQCAYAAAAf8/9hAAAABGdBTUEAAK/INwWK6QAAABl0RVh0U29mdHdhcmUAQWRvYmUgSW1hZ2VSZWFkeXHJZTwAAAGdSURBVDjLpVMxa8JAFL6rAQUHXQoZpLU/oUOnDtKtW/MDBFHHThUKTgrqICgOEtd2EVxb2qFkKTgVChbSCnZTiVBEMBRLiEmafleCDaWxDX3w8e7dve+7l3cv1LZt8h/jvA56vV7DNM20YRgE/jyRSOR+ytvwEgAxvVwui/BF+LTvCtjNwKvj/X8CbgXPOHMEZl559HsTu93uPQi7jBiNRgMEx8PR0GIxRB+y2eze2gqQeAXoSCaqqu5bpsWIdyzGvvRrBW7rdDo2I6ZSKeq7B8x0XV/bwJWAJEnHSMwBDUEQWq5GfsJthUJhlVuv11uckyiGgiH2RWK73RYRb2cymbG7gnK5vIX9USwWI1yAI/KjLGK7teEI8HN1TizrnZWdRxxsNps8vI3YLpVKbB2EWB6XkMHzgAlvriYRSW+app1Mpy/jSCRSRSyDUON5nuJGytaAHI/vVPv9p/FischivL96gEP2bGxorhVFqYXDYQFCScwBYa9EKU1OlAkB+QLEU2AGaJ7PWKlUDiF2BBw4P9Mt/KUoije+5uAv9gGcjD6Kg4wu3AAAAABJRU5ErkJggg=='),
('C17', 'Rozele Moisey', 'Uxui', 'Basic HTML Theory for Beginners', 4, '64 hours', 'Beginner', 'data:image/png;base64,iVBORw0KGgoAAAANSUhEUgAAABAAAAAQCAYAAAAf8/9hAAAABGdBTUEAAK/INwWK6QAAABl0RVh0U29mdHdhcmUAQWRvYmUgSW1hZ2VSZWFkeXHJZTwAAAJZSURBVDjLjZNfTFJRHMdBmX/m1Pln+qDTNjcmD77oo62trYd667H10nNPvrbWIy+u0FFAOhrMzWZKXaYE8YAx4+Ll8kfL/NPoIuBdmAVjCQQb1LdzLkg2wzrb5557zu/8Pud3/xwZABmFNLlKpbqi1Wr9SqXyKhkr6FwFxejo6EWj0cjRNXSumkcvAuk4QsBuRyKRAG+zSWOhAr3fcDqlWMjhqMYqG8vkdLDV2IhdloUoitgh/dv6eqTq6iQ25XLser1SjK7ZrAgq1ZUF4ZYWMHNziMViYMxmbHR3I97ZiXhbG4LNzWBMpnKM9Ht/E3xtb8fq8DBm+vvhGhxEZGAA0b4+7Pf0YI+I7K2teNjUhJcNDUiQis4IMl1dOBofx+exMRyOjEAksvjQEKJEFCEiobcXH0lVQkcHUgrFnwKe51EqlWpSLBaRz+claKNzNKemIJfLIRAIIJVK4smSA48ZN6YtPPTWEGYsr1HIZ88X0GSr1YoF+xosngjCiSyiyQL4yDFWeBHzK2/g8/nOCmipJxKGYaBn/NgRj+GPfcf6fg5ewtanPHRL3tqCE6hAs+iD8KWA9UgWrJDF6ocMQgcFPHoRBMdx/xbonvPYFjNYC5eTKUGxgPvzrPSY1V+ZCkjSj9MCyuIrDq7QAYKxHLhYHgGyu+1dBtOzC7A/1f0WuFwupNPpb1Ry+mUmjpJwsu9JJRwM5AtonvGYmrUgsGyAffIm7l2/cEMS6PV6uN1ueDyec2HJOWBMU3BobmF7+QGME5dykkCtVrPkGON/mbx7G+Y7134aJi7jF1A6sIfsK39SAAAAAElFTkSuQmCC'),
('C18', 'Georgiana McDuall', 'Js', 'Java Script for Front Developer', 3, '12 hours', 'Intermediate', 'data:image/png;base64,iVBORw0KGgoAAAANSUhEUgAAABAAAAAQCAYAAAAf8/9hAAAABGdBTUEAAK/INwWK6QAAABl0RVh0U29mdHdhcmUAQWRvYmUgSW1hZ2VSZWFkeXHJZTwAAAGASURBVDjLxVO7agJRED3XN4gPkEWwET/AysoqoE3+wcIPCEvEVsgnhJXgF4j+QraJLFjkAyxEsFCwsBYU32bPyF7WkEDAIsMOcxnmzJx5rLpcLrhHArhTQt5jMpl8nE6niqs4Ho84HA5a9/u91t1uRzuo1+tV4hRbcMEPkUjEMQxDgr6Lv81wOAzHcTCfz6umaQ6EgVvxJZ1OY7lcIhqNapAfyPdisUAymUShUGDRluseqNFoJNUzmQxWq9UNXbZCoFIKwWBQqicSCcTjcdi2jel0Wg2weiqVkl4ZFIvFpAoTZrNZ0W63i+FwiF6vh/P5jO12i2KxyHm0Qqy0Xq+Rz+d/nXS73Uaj0YBlWdo3m82EJRNUPOfz26fQhdDmiOXD61MZm83mJilZExviWtgrrvEu8ArWFj8fmrdiScDdUyyz/OcD4ix0Ag5sPB7r1VEZ4K2x0+mgVCqh2WyiVquJP5fLCXPV7/ff3V4efVemraf+qySIjKluIlv9+890d4IvgMkS1vrQFCsAAAAASUVORK5CYII='),
('C19', 'L;urette Haslock(e)', 'Js', 'Basic HTML Theory for Beginners', 3, '12 hours', 'Intermediate', 'data:image/png;base64,iVBORw0KGgoAAAANSUhEUgAAABAAAAAQCAYAAAAf8/9hAAAABGdBTUEAAK/INwWK6QAAABl0RVh0U29mdHdhcmUAQWRvYmUgSW1hZ2VSZWFkeXHJZTwAAAIMSURBVDjLfZI9aJNxEMZ/bxJp+hGViBLEgtKKTo52yeBUnETBSVwEO4ibg2TqUAQLgptF6SjiouimOEqpFqSLCB2qIiINYmPT5s378f/fnUOSJmmKBw83Pb97uLvAzOjUxXvv7calST78qKHeEFFEFBXFe6U8cYSFZ6t8WrgadDw5ekpFUDW8axt9q4tvyXtDvPRa+gG705y0TD3mXeAeQKYvgRfCpuN4YQiXSp/GDw3TaCaI/DeBzP35tjx7beIdRwufyQd1VI3QjVJ1Z3n65QLqx+Z6PUHvEuXjqZkwHXo4cvL2GCNnMDKYRpiro9trbK09bgyxc6d4JVkcAPjlE1MYr5l8VLLsQdTXwO9gEmISQxCAOBqrlaqkXC5dt5W+HZi4CuN3S5Y7jPktkAiTuK0QTX5jGpI/favktqkM7EB9Ws6OnsP8NqZxW0lbMaZN1P0lM3IMF1IeuIKqFC2TwzQCTdqKu5IYpAHm8CnFQYAomAdNu9E706WbCEvw6T5/oF5q5uqYuT3R4y4ERdImLqI2CHDxkmyuEATZ/vjS7ubIZIaJNn7SrLM0AJCY+cbq/arGm5DNY+YxaSdBCXIFfBzw9eWbahQyv+8jbTwJZsQxVzh/s3SgOAGBYT5E0jrhr3XWn7+tRiGz0y9scV8AwPcHwVRap+JjyuIpugTiJrU4ZEmE+elXrQfq1D+32LPJr7b2hgAAAABJRU5ErkJggg=='),
('C20', 'Alphonso Dunleavy', 'Python', 'Figma for UXUI Designer', 4, '32 hours', 'Beginner', 'data:image/png;base64,iVBORw0KGgoAAAANSUhEUgAAABAAAAAQCAQAAAC1+jfqAAAABGdBTUEAAK/INwWK6QAAABl0RVh0U29mdHdhcmUAQWRvYmUgSW1hZ2VSZWFkeXHJZTwAAAElSURBVCjPfZFNSwJBHMb9UPOd5pR9hUnvIQrFQl26FHXo0CmImEMoQUhl48vBw5qWtY461pKU9PTsrJRsFM9l2N/v/7IzOeT+z/ehI9qqpZvW2Ia+VdciI3Rk20SIsWBeMUTdXMkVgdjNAcwxg8MbTzEuXU0uBTY3CZ5gDMuMEHlFm3PhhZaKMviJAbo4UV5o6phtE7jO5FEkHnKTMY60F+7sAlPiiDDvhUc8UHrHvvVCg8KE+NnjNRQwYJIee6lwo2dcKZlbJCxgg7jP/wmxm46oqz4+WZE0Hnh4jx4+UEWQLlkTF2bKrX9gyIIeAhOI5UWdyVM34scX38exOkTgKnLlqo/loalzRMzZXWhUTElmHutA7KhtvWXLtqQ3VVn8es2/8gUo3nl2LXz6SAAAAABJRU5ErkJggg=='),
('C30', 'Mallorie Dulieu', 'Js', 'Python for Engineer', 4, '40 hours', 'Beginner', 'data:image/png;base64,iVBORw0KGgoAAAANSUhEUgAAABAAAAAQCAYAAAAf8/9hAAAABGdBTUEAAK/INwWK6QAAABl0RVh0U29mdHdhcmUAQWRvYmUgSW1hZ2VSZWFkeXHJZTwAAAHdSURBVDjLjZNLS+NgFIad+R0KwuzcSQddunTWXraKA4KCuFKcWYqgVbE4TKJWNyqC2oHKoDBeEBF04UpFUVQqUoemSVOTJr2lrb5+5xsTUy+jgYdc3yfnnOQrAVBCsK2U4WFUvUE546OTcwk82WxWz+fzt4VCAS/B7kMQhB9uiVtQReFkMolUKuWQSCSgaRpkWeYSSZIgiqIjscMfSEAPZDIZWJbF94RpmtB1HYqicEE6nQa9xO/3/5OQoM57/qm2a3PGtyzDtxzF/FYMe6c6F1DAMAzEYrFnLfGZ1A9devqC8o2wpmL8jwJhRcbw7ygGAxJYS7xvuxVVVXklkUjkUdAshgP+DRVfureXbPPcuoKe2b/QDKtIQpXQPOLx+KOgf0nGCCu9smHiu7u8IGuDBHRsS6gdmgmJHEHfLwn9wSgqagc6Xvt8RC6X48MlCeEI2ibDIS8TVDYGBHfAO3ONowvTOacqSEBQNY6gpvOkp3cxgq8/Q8ZxyISWsDAwfY32sSscnhk8SFAFBIWLBPQZq1sOvjX5LozOqTBaxSu0jF5iYVV+FnZTJLB/pN0DDTv7WlHvtuQpLwrYxbv/DfIJt47gQfKZDShFN94TZs+afPW6BGUkecdytqGlX3YPTr7momspN0YAAAAASUVORK5CYII='),
('C32', 'Nanine Fassam', 'Js', 'Figma for UXUI Designer', 3, '32 hours', 'Beginner', 'data:image/png;base64,iVBORw0KGgoAAAANSUhEUgAAABAAAAAQCAYAAAAf8/9hAAAABGdBTUEAAK/INwWK6QAAABl0RVh0U29mdHdhcmUAQWRvYmUgSW1hZ2VSZWFkeXHJZTwAAAHTSURBVDjLY/j//z8DJRhMxE8+VwjEE4D4DBD/j5989l/8pLP/4yec+Z8IpJMnn/2fOPH0//i+0+9TJp063b3uxv/uNdf/Ixsw+z+JoHPVNRQDboB4c468hePZeDAIJPYc+4EwYOLZDzADDt76AsaHbmPHMAMiWg7+gxsQN+HML5DgbAI2I7sgvHEfwguxfaf/kRoGoXV7EAbE9JwCC4bU7/nvU7vrv1fNLjD/3tMPWDFYbc1OhAHRXSfAgg5l2/83L7v436J4G9yA1++/oWCYAcEV2xAGRHUcBwsa5235X7f0wn+9nE0oBjx78/X/moMr/5fMTPif1uf/P7HL679veRGSC9qOgjXopK//X7rg7H/tlLUoBizfu/h/4+rE/1uuTP1/4dmu//27s/6H9+v+N8+W7IG4oO0I3ICS+ZgGgGzceHnC/43XJoHFe/ak/u/fkw4y4DvYgIimQ/9gBoA0IxsAwj7Vhv+3XZmDEgubLk0FGQDJEKENB+7hizL7QqX/3buS/rfvSgDz23cmoLogtHZff0jN3q3B1XveBVfu+h9Yvu1/YNmW/wElG//7F63975wX/z+4R+N/764UsM0gGsSHhwExGKi4A4g/gZwNpTtA4gDRWxxGCQ/RXQAAAABJRU5ErkJggg=='),
('C33', 'Elane Cancellor', 'Html', 'Basic HTML Theory for Beginners', 4, '18 hours', 'advanced', 'data:image/png;base64,iVBORw0KGgoAAAANSUhEUgAAABAAAAAQCAYAAAAf8/9hAAAABGdBTUEAAK/INwWK6QAAABl0RVh0U29mdHdhcmUAQWRvYmUgSW1hZ2VSZWFkeXHJZTwAAAM9SURBVDjLdZPrS1NhHMcPREH/QC96nxURWS+iktC8bEt3skHoi95EbYk5KStqdtPGLKcuczSELnYhK0bzhpfK5nSZed1MPZtzzpq3pnN5tOY2p+fbsxMEUj3wgx9fvr8Pz+X7UACof9VwPb1juC6l2l6T/N5WJdr9P99fgqPxyCYyrLLXpczPMg/xrbcQzOukH0P6xJLBl/Gb/wsYaUpdT4Zlw/Vi55RVi5XgNLilCSy6qhGYrIO79Tw+P4/92v/soNz6JGbjGoCjKVXgaDhi/tpxA4Hvn4m0BHAswr4ejBiOImAvRsitx6JNB2fdSVge7e/su7+X5gFk+LGjgeZ8jkr4vQPwjbVgrIsYP6hhe3MOrreZ8Nvvwm/NQ9D5CMsTesx1q8C8kKBHt+dF5LLCXNCNkLcPvgEtvL0qTJnOwlmbhs57MVieswB+BzD7FtwXHcBcBiYrER5VoUu7K0yRy2JXg+PAjyEsT9ZgwXoL/v48UgpM1op5DTONgPsBOJsCfmMcZhoOYoG5i87SnSxlqznMri4RwM8RAmEArxEBRg1/VyZm6sUIj2iA0RKE2kWYa9wHj0kET3Mq2P4SfNLsYCnGIGRXeIAdWCTbne8kkHcIO7VYaEtDyCwCa4zB3EchZoxJmG6Ix3StEN+7C9FRtI2lyPv+BpAjgO1CYOoNmqu10JQUoqKiAkUFl2AlRxltFKJIdZHXim/no+aBAibV1gVq8FV8iAt/Iy/nwrK3BRW66ygrK4PH44HL5UJbWxvuqHOhU8vhGGZ4rb29nfcoTx9YoQYq45pHjZexNGVC67uXuHpFAcvgIArz5aBpMWQyGbRaLXJzc/meFouRf/4ED7l08VyYIsnaQJIlI+FwKi8cw60CFQ8IjldCJEyA0WiExWKB2WyGwWCAICEOLcot7ghAqVQG/kSZJGtTzvHopuwzUi4CuHnjApISEyEQCCCRSPiK9Anxh1bTjh1tjQAyMjLm13yM7WRJUsVjpRp16PWrp6iqqkJ5eTlycnKgUCj4PqLp9XqfRqOZp2navgYQFRW1LjY2Njo5OfmLTHoqkC3PXM2Wn+GuZQhK09PTE7KyshZJBaRS6c+IJ+L9BchY24ysm0a5AAAAAElFTkSuQmCC'),
('C36', 'Haleigh Myott', 'Python', 'Python for Engineer', 4, '64 hours', 'Beginner', 'data:image/png;base64,iVBORw0KGgoAAAANSUhEUgAAABAAAAAQCAYAAAAf8/9hAAAABGdBTUEAAK/INwWK6QAAABl0RVh0U29mdHdhcmUAQWRvYmUgSW1hZ2VSZWFkeXHJZTwAAALLSURBVDjLpZPfT1JhGMfprnnd39B1986rtja3TEWGBJocEYbya+oBzgJRt8xwKjoCf1SgqKSiGUqlYiZzGpY6XebMXFOxocIFK8p1c76d8zpXq9lNF8/27H2f7+f5Pu8PAQDB/8RfC2/u1WVErHTmS1oniyko7Bfmk4iVlmCG1t6KWOhMvuZcwCpTHU0a9EioVTjiRCmGQYqmSZ7QlCNZacCyuSp6LuCjVMR+sVpx4uzAkboMMYmQBJ/za/zeB3EOGzbqLhNAndeWYXRVZxocWpl5UI9d4XWkfT4ktRU45kbgRWewY5UScaqIGykXHOAKAdz2GKMNIStsYyYwAQP2RDfwIxjCN7cLiQoVsZys0uNzkZSI+VH2Jfm/AJqeMtYxfRe+xS5YR2lC5wFpdwfSTidSLc04lBcR8SFVfAr43YHSW4zZzSk4phvBjFRi52YB6Zx2d+JreztSTXbES2REyAMOuO5bomzWZHNfNTf7MwTqHjmWPi1gaiOE4aV+dAfqMa+jsCvJIzfBu+DP4kAmwY4wG7MKOWrtflR2R6BpGIgKyntLsbA9h4m1UQRXA/BHPTAN62CzuBClpNwN5GFXnItoiQR3mDao2sJwTKzD4ltELjPECjReBTu2MoSRZT+GlnzwLnSBHtIg1/oET6M7qPe+grJlkoj44AHq9hnIm15AaAtCUOXQZ2nd6ri2T4WuOSf6X3vIWeTbxjCzFkNgfhueyXeo6XsNQ2cERfbnRFzaOg1RXfD08ZycnFwwtOkUSheVrvApUN5LEfrkyh4G5rbwmItH0xuQN08SMcU54gHEwZ8vUd+qvaR3aC+Ka0dZb/g9POFNPOQc3OfsF9tPO/MAcf04coyD7Lm/TGXtyJJZeuISrtAeeAtXaB2K1jCkjc+QYw5AbHyQoEzOa//8qvxo6pruskKmNy2uG+csj6HA2PtdbnZVn9X8BLLktmdBdpY6AAAAAElFTkSuQmCC'),
('C37', 'Daniel Ox', 'Js', 'Python for Engineer', 3, '12 hours', 'Beginner', 'data:image/png;base64,iVBORw0KGgoAAAANSUhEUgAAABAAAAAQCAYAAAAf8/9hAAAABGdBTUEAAK/INwWK6QAAABl0RVh0U29mdHdhcmUAQWRvYmUgSW1hZ2VSZWFkeXHJZTwAAAJ3SURBVDjLnZNPaNJhGMd/ohkRQd0i6DCoY4fOdYjWOgQ777LLSGIRLQn/zJC5GnPQECK97FDbwUFbw2EQ/lke/MM2bYFNpzDTcIrYYjmdP3X++/Y+L/zGqA6xBx5+8PJ+v9/P8/D+BADCSTsQCPSeSLi2tqb0+XxGp9NZ/OeFRCJxLh6Pm6PR6EY4HHaypJvHUq+7WC0tLYlzc3N/i7e2ts4w8UYul8PBwQGKxSIikQjcbrdnZWXlFUvNbG9vIxQKwWKxzP+ZrIzFYqvZbBZU3W4XUiWTSSwuLoqMAFardW9qamrEaDSelYQyduHB5uZmLpPJoNVqodPpcAPq/f19iKKIQqEAm80Gs9k8qNPplKQlZBlrx87ODkcmAWHT5WazCaJJpVKoVqvc1Ov1YnJyUitRC2xR4xKyhE0E6XQajAz5fB71ep03GdL8JpPJdWSwvr4eIkQJl1La7TZqtRqfm5ZJ+ERHxiwQBoPBd2Tg9/t3Dw8Pj4SU0mg0eCIZk4C+WYcV/sEr+HRbAdfd0z88ffJRbhBcXt6lNHKXhFJiuVzmhl/fTiCquYH6Rwu6CTfEd0/x+dG1trdX8ViIzMwEaAeUflxIqdLMH+6db9SYGK/7Af0FwNyDny9vwXNHnhFSet2sOD2NZjDIBZVKhTeNRUZ2u52wu90vDhyvkukiPxeyKpXi25OR1drEC740Si6VSmBvAgsLC9Bqtc/ZvLnqm/sAEzV0An6xzg7Lwc7zfJOZoSFF7OHwrFOvD8xrNXtjY2MFtun3Go1mUK1Wy4IDl8bDqqutgr4Hu4ZTSKtk8PUr2u4++bP//gNDA5dHWeJ3wiYiEtP5byK4FJQG5P/0AAAAAElFTkSuQmCC'),
('C38', 'Graig Petofi', 'Python', 'Basic HTML Theory for Beginners', 2, '48 hours', 'Intermediate', 'data:image/png;base64,iVBORw0KGgoAAAANSUhEUgAAABAAAAAQCAYAAAAf8/9hAAAABGdBTUEAAK/INwWK6QAAABl0RVh0U29mdHdhcmUAQWRvYmUgSW1hZ2VSZWFkeXHJZTwAAAKrSURBVDjLpVNNSFRRGD33zZs3P85vOs3kOEUK4qqQCqzcDE0F2eBQgbQIhMAWGWREQdAyaF2LFkaLJCLbBBVoCga5KNEwChK00kYdHWfGnzfjzPu93ffGooTceOG89937vnPued93L6GUYjuDwzYHf7v7w5Dd6W7MiEpFvqRyOjOkg0Jjgc7caQy6Xp5vgIJoirK+mklOTE3xAb83cqm13iMplNhtln/UyeaYlN9FSbUUJa36/F2pxKXX1FpZ1cmToRSSGRkFiWImqyOZ0zG7oiO1qiMtUmQKFIoGzGZl3HuVwnJB4tyBSB1XkDRis3II7/LgzVgaK3kFQQ+BlZkRLAQCbwDwOQiyazJ6hxfh2+FBpc9meuLWS6ppsTbkQk3Qg77RNJZFBVUuziQKTMhrJ8iJBjmNqkoPasMukI3mcYWSVq4mS6ytdiHgd+LZ26RJMIhuhiyLHw8k4fU6zRwH/1cXCsWyA8Kqoyoq7LyO3WEfXo+kcbyxylzv/5hBhK0VM5PofngfLpcLPaoKPhwDvy5pMNzIsorFnIhI0A1BsCKVs+PdxJp5UOojfmhiEv3Dz9F46AiaWi6iIQjcuH7NEFAp6y1JZxk54IbDboWhuHenE7sZjLYlv33Fy95u7D/YjH3Np3Hz8gW0xk9iITXHfiE3Ny3J6p6GGgdxOThCOM3c1bBO2OPzp3G8eNqDpqbDSJxN4NyZBBKnWujo+2FSqkv85OX80syxq31+m7uigrdZCM+qybH2WZhKiM5w5McA9yUNOhUKa3eORi3NsTjGRkfItP9Ecml64TuMy/Q/dHR0UEEQHsTj8bzf7xe7uroetbe301gsZv2dQ7a6jYw8Jsvygc7OzhDLuyKK4q35+Xnn4OBg8U/SVg42xMedTudkW1sbjUajls3ffwGqPWPVeFFgygAAAABJRU5ErkJggg=='),
('C39', 'Salvidor Glennard', 'Html', 'Basic HTML Theory for Beginners', 3, '12 hours', 'Intermediate', 'data:image/png;base64,iVBORw0KGgoAAAANSUhEUgAAABAAAAAQCAYAAAAf8/9hAAAABGdBTUEAAK/INwWK6QAAABl0RVh0U29mdHdhcmUAQWRvYmUgSW1hZ2VSZWFkeXHJZTwAAAIfSURBVDjLpZNNSJRRFIafc79v+r7RUKFGMrLRQgqqVUQWbYogaB8VGURQltDC2gS5iDA3UYugWha5iqBF4CIr6JegRUQSTEQ/JIo/pIw/83/vaTHjmDpF0Mu9i3N578v73nOuqCr/Ax+grev+VVuQIxMpG85kK7DcwjIaQE2U2w+uHOz0AayTtu72rbH6WExEfBTQ8j1BFVTnasUWchy/9OgYUBSYmLFBbGVMOq71srqxjsBzWA3A1GKE4jaCZ4QfiQEud54ib0XKEVJZMManZX0Tm1t34RkPVQvigwhGBBGDMYaIZ3Bu0RvMxQyCkDC6vOj3L9ByyEUC+VyGfCYNIqg6nFqcMwigqnhiKeRSqLqlDlRhPDnMz7EkeVfAqWUqO0rOrkFKnPpgkvRsEtRUFhgZrSIymJk/0BiqmTJ5kiiDg7p0DlyJb7xlGC+omLslcZfGgTtExr6S+HyBVrMzgAMLHfwJLYletk32sfHoSYLmTaQ/9FP98kn4eG/kjA+gziHA2PePFQW2v73OhtPnCL88gxfdVNXWsS4e590nLQ6SlJpzo6erXP2OoeeHCVc1w/6z89kvNuA5afIBaqIm6QqZ2oYqKbawJFhajMQaSL3vo/phB9n0CClgesrDegz7ANWBuXei5+mOVF63OLc0wp7o7jB88yqIr4jiexGmxwt8GzWquJvyr9/59aG152cnhts9K3Hr6ZDCrX39hZ5fKo7iczfDI18AAAAASUVORK5CYII='),
('C40', 'Eula Bleesing', 'Html', 'Basic HTML Theory for Beginners', 2, '40 hours', 'Beginner', 'data:image/png;base64,iVBORw0KGgoAAAANSUhEUgAAABAAAAAQCAYAAAAf8/9hAAAABGdBTUEAAK/INwWK6QAAABl0RVh0U29mdHdhcmUAQWRvYmUgSW1hZ2VSZWFkeXHJZTwAAAI+SURBVDjLtZPPaxNBFMcX+leoIB4VFFQEcXtIMXpILbQhYprUmGyym2SbX00aSSCGWrfLhmSTTQI9tDGBtlgIIqVFBNec7NGLaJGCvczBQKG5eGi8fZ1dbVHagiIOfHkzj3mf951hhgHA/IuY/wYoFgsuWZa+/DWgVCoO0GJJUeR9SZrFcUVETPGEi5w2AZVKma1UVFOqWmJp8edms4G1tReYmXl0BEBCU7k9MQbiDLwzAeVyCfV6DbWahmpVw8rKEtrtNpaXl5DNPPwNQIIJgTwIX+y6A+hNcCC3HRFquYDNzbfodDrQdR2tVguSJFFgDalk/BBA+Di/J0RA7vqyZMQV7zncIIN3thl6VqyuPoOiKJBlGfl8HqlUis7nEIuJJmB3zL1D3IJ110W7DjvNHGGHQa5awRgX1WgsQBAEeL1eOBwO2Gw2iGKIKngA6BG7x0ojyNDoD8DlmyAXBsHkclksLi4gm80gkYjDbh+DxWKhMA9CocDhEWr58Y10dRzByijuPxn61nSxIOeubTPpdBLT0wlaHDEtR6OiCeE4L3XFmYCwZn88+5zDy615vO/q0N5Mwqldgv/e2Q6TnIqykckwGw7zbDDoZwXBt2OAMpkUeN5nAjzKrf76xyrWP9WNNdSOAK0TwvXIqf6RR0K7DvABn0y1fwAYyV3Bq62n+HVsfJg3ACc/UQqaoOoa8xvRM/2S7oeim0Aor30nOzhOdOOcQz2Pss6bnY1orGle/eNfRzcXqL4atn/GgpH/DtOZnBuaeVfLAAAAAElFTkSuQmCC'),
('C41', 'Jessamyn Gallehock', 'Js', 'Basic HTML Theory for Beginners', 3, '56 hours', 'advanced', 'data:image/png;base64,iVBORw0KGgoAAAANSUhEUgAAABAAAAAQCAYAAAAf8/9hAAAABGdBTUEAAK/INwWK6QAAABl0RVh0U29mdHdhcmUAQWRvYmUgSW1hZ2VSZWFkeXHJZTwAAAEuSURBVDjLpZM9SgRBFIRr/EHXwGVFAxUPYmTgMTyEoblX2NwjGG9i5B0EMTIQFWTBaHTeqyqDHmdX0FlhHzSvO6n+qvp1ZRvL1AqWrLX5w93VuSXBJkhCKovMrpOJk4vr6lcBidg7PgVMWIYkWATEbv9wc/03AZkwiY/3J7i93STcEmxu7yOz6ReQCDFhFTExIRJWgox+gcwot2UUAmY5kzADzkBEL0Er0PUZReUGIhcRNAU5muI/E1JiZzjF4cEbHp+HyIx+C2otdPgqfTodoP5c/w9BgNn8sPD6sgFzFVu76ieIaGYhMtrwWiGVPRkLCLJkYJX0vyms8rQLMigWBqMj2IKZsFSWCbGM83xVtjGZTFzXNeL2spv3+fmf/QnCJu5HZwCA8XhcVct+5y9H3H2zjxE/HwAAAABJRU5ErkJggg=='),
('C42', 'Prudence O\'Dempsey', 'Js', 'Python for Engineer', 5, '32 hours', 'Beginner', 'data:image/png;base64,iVBORw0KGgoAAAANSUhEUgAAABAAAAAQCAYAAAAf8/9hAAAABGdBTUEAAK/INwWK6QAAABl0RVh0U29mdHdhcmUAQWRvYmUgSW1hZ2VSZWFkeXHJZTwAAAK9SURBVBgZBcHLi1VlAADw3/edc+fRmOP4YEzERxQYZGaQaQ8qRDCK+gPcGC1rYbjRWtqiTaAULWrRItwVVAaFBUIvhqjAyixIE41JB8fxzsy9c+855ztfv1/IOYPDH1/bg5N3rxnb169b/bpVt62Vpu1iCTeRsIB5fIizJUDbNI/s2rhq39EnNwCAXtVO9qt2cmGQNlc1S8Pkys1lX1zqHcCREqBtmunVIwFcu510QlAGipLRTrRlNCpi1CnYvXncpsmJte//OPtWBEh1vXqipGlZqoJuze0h3QHdAfMrzC0ncPz0Vfu2T7h/fWdDCZDqeu2dI1FvSG+QxBiUKApiQSEoAi1CWjRzecEvV7uzJUCqqunJ8UJ3pdEfZjFmRSSmoIgUsqJALtxYHDr11d+LOFwCNFW1dXp1R3eQNZApUhAzEoWszFGbSZ2kqZrtn7762K0IkKrh1o2To3pVFiJFCCIiAiBkcqYZDqVqmKCEgye+HC+LODLaiaqURBlZRhJAQIzUKVnu9RssQgnNsNowMTEmBlrIhEAU5EwIXLx0xl+XP7fUXzAV+0V3+cbrHHyjhFQN7ygnRpSRIgapDeSsRQj8+udH5vtfe/rxh21ee69zFz4JM79fP7H3lU1r4hNHTq9vqurEnh1bXF/MrtxIbi0lvYqUsxCyny6c9uCOXVJMdt11QAq1vTsfhZfLVFX78ezPF/+xsFJaHmZ1yoZ1UDWtJrWWuv/phFWeue8lcHT/e8789i4+GytTXT/0wlMPjL92aC8ASJk6ZVXD88e7Lsz+4Pzsd44d+MCbZ180VozCoNi48+A9U5MTz80v1a7O9cwtDiz2a3WTFTEa6QQpDX3zxxnbpre52f9Xtzfn+/PfWrw9PBV2Hzq5HkewFeuwDlOYwuTYSKczNtYRRs5ZSTPaPEDok9+eeWf22P/PLlOL9Py8xgAAAABJRU5ErkJggg=='),
('C44', 'Malina Dowse', 'Html', 'Basic HTML Theory for Beginners', 5, '64 hours', 'Intermediate', 'data:image/png;base64,iVBORw0KGgoAAAANSUhEUgAAABAAAAAQCAYAAAAf8/9hAAAABGdBTUEAAK/INwWK6QAAABl0RVh0U29mdHdhcmUAQWRvYmUgSW1hZ2VSZWFkeXHJZTwAAAKtSURBVDjLpZPrT5JRHMfdetn/4evet3QrhGayZathrbwNppMU8ckFONEhoiGFeMNL4o3yBoi37lQQ89rYypaLIitTQVSUWKC9+Haeg5P5svXi+5zf7/t8f59zzrM9SQCS/kf0MeAKKfudodWe19vofhlE54sg2p4F0Px4A43T69BN/ET92A+oLd9QPexD5YMvUAx4F44Afc6dYCT6B/+iW73LsSOA6dUWNWEWAQNCoDcXMN0AOrKAtstAIx9o4AHqs0DVGZqVdH3AEaDLETwEkGGHHHheDjyVAk+KgclCwJ4HjF4DBgms8jTNFhnfJQDt5L7HTtCfD/SRoZ4coPs60EmG2wVAKwG0XKJZYbMnAWghH4s1H74JsCaG3X66jszEe8tsvLfPxdfgXhQ5+sUEQD+1hvDvAzpgYTW7CetsALb5AOxEUvtNlIwVodhaiOm3fnzdCOOqdi4B0I2vYo8AbPOb8Z0O18nF+AmYcQla39+DZExM+89re7iimUkA6mzfsRs5wMTiJmwzq2CaS6GuV8NkMqFGcweMWQJmVIKKGgX1tFodsuVdSElJOUkBqpEVhH7tY2phnQYMBgP8fj98Ph+cTifqG/QwtnfC6/VSz+1200xGRoaWApRDPgpo7JnAbZkCnqUl5DO5JHABIpEITU1NkMvltObz+VDXaiiEYZhdClCYP2GHAMoq6qDRaCggFoshjcuDw+GAx+OBy+WC1WoFj3cega0wBahUqigFlPctYzscw/1eMySSUgqQVSjB4XDA5XKRmZlJxdYcThqUVdUUUFBQEKKAMtNHd0nHUiRb/QgXs/KgvWuAecgCm80Go9EIqVQKmUxGa9YzD1qg1ekPyHWWj/2aycnJJ1JTU0+lp6evCIXCiFgsjhLtCwSCbKJzpA6zHvuOzbDZv+ti+O9p0FSiAAAAAElFTkSuQmCC'),
('C45', 'Debra Tatersale', 'Html', 'Figma for UXUI Designer', 3, '12 hours', 'advanced', 'data:image/png;base64,iVBORw0KGgoAAAANSUhEUgAAABAAAAAQCAYAAAAf8/9hAAAABGdBTUEAAK/INwWK6QAAABl0RVh0U29mdHdhcmUAQWRvYmUgSW1hZ2VSZWFkeXHJZTwAAAJ0SURBVBgZBcFLaFxVAADQc+97Mw5JaiPmR4uhG5GI0Jg0tStBXYggaNe6Uop00w7FpVIElwrBZRcupCBuFIo/CKKC4LeBoIhoLTKWRBNtQ2Jm8ua9uddzQvWiyfa8y0pdABERABEA0GDT6rDntbI977L7H+uaXaZoEUtCIAZCJAZiQEFAQB6x+X23/fE1pVLX7DJVwdwKBbZ/5p91YqSIiBQIkZyZmGJmiZlr3RIULWKHh88CzlIf8NsaNz5i9B8COSNw5y8695KIEkJJf4sfP+DmVxzs0BrnwWd56i2OnQEE6prDmmbIkFJEDPS3+OkqMVBGphZZfJ6j8zxykfUr3FijahhW1CMOKUVEzK3waJfdHpvrLn696MjNff3hhnsm2ja3TwnxlImxQsrBnY2BC4P3lRIUBLTGmV5gesHgs+seP/2AZ5YmfPjNLa8+twAA3vlix2q6KooIuL3BJxe4foWDHf2qdnu/AWs//A3gsGGvYmd3KISkFBEjOTLYpvc5W9+J8ZwiU4+SN88vSSnLKGRjJVVV2TsYKiUIFJkzL9OaoPelzq/RYVV7/b0/xEAzStIoycg5kxlrJSWImemHOLYC5EaTBqpRo4gtZMFICEFOWc5J09SGw0YJBAbb1H1aY+z8br8/rRVK558+oklDRDI5JJ2y7Y13e/7dO1AaIjcY8eklWkfpbRilVxRakoG3118yNTYviHb6fzq3sirq6FdDpVtWbX7bNbNCB6OaEyeV24UTc8xO7Hvi5GmT7eNEdg+PmxlvjLUpQxCqJ02251w2pyuhwSEvpFWD+5ZN3jWpU96tSbWQkpBHUuj7pXfT9l7tf4r+Cu34pbphAAAAAElFTkSuQmCC'),
('C52', 'Dianemarie Edens', 'Html', 'Python for Engineer', 2, '24 hours', 'advanced', 'data:image/png;base64,iVBORw0KGgoAAAANSUhEUgAAABAAAAAQCAYAAAAf8/9hAAAABGdBTUEAAK/INwWK6QAAABl0RVh0U29mdHdhcmUAQWRvYmUgSW1hZ2VSZWFkeXHJZTwAAAKUSURBVBgZBcG/b5R1HADg5717764trfQoVUpasAfU+CtRgmERXEwcHFmMgwwmjo7+BUyOxsXVmGidDHGQEAc1NsEQxQsm4g9sKYWgUErLXe967/f78XmKc+fOPR8RFzE3Pz8/3u/3Tey/SgA5iAiQM6MR25vxz/IXv3agjIj30Ol0Onq9nkajYaZNQBCJrAA7jyHUG8UiQImzCwsLTp486cyZM9rtKRARIAQB1OtN+y5ssI/PP7h+w+Ejr5UR0Z6cnHTp0iV/3vxQTkAEEEEOYKfHO9UByye+Utv8d2mXqRJFrVYzOzvr1DOnKbLIIYSQRQ4RCaS05+tr90GzUdhlpoSIUBSFejkFUvTMHz2tXraUZcvNG5cNhzsiEhHiv3uM1UAJEWE0Gtl6+Lux8WOOP3vWrZvfG/QfaLbGPX38Tdd/WVavZwe3C998vN9wmP74jM0yIqSUpJTAk4cW9Xv3HZ4/pT3Tsbc3cHvtO0c7r1hf/VHkMGVMbXyw9P6uqEWEnLPhcAim2ws2bl1RL1uurnyk37vr3sbPJiZnpVTJgFqzgJka5JyNRiOQo5KrgZwro+FA5EqVBlK1JyKT2YkBgDIi5JxVVQUeb99x4OAxE/tmPPfyW1qtKYsnXvfwwV+yrIyeU8UF8Wi41XR4s4Scs6qqwOrf33rhpbdd++kTT+w/IvJIrRy3cfsHjWZbDqZqT9mZuD891s9RRoSUkpyzKg3AnfUrFpfeECkZVbt+635JnTInABpNmCkhIkSENBrIaWh9bcXa6oooiKBoAFFkge3dW+zCISXA3NycZmubIiOEIJIoQkQGOSWPJgZefXHl0263ez4rpsuIuLy6uvouPB7elREZAeQAoEBwsdvtnoea2Pof+BV374GHrjgAAAAASUVORK5CYII='),
('C54', 'Renard Howsley', 'Python', 'Basic HTML Theory for Beginners', 2, '48 hours', 'Intermediate', 'data:image/png;base64,iVBORw0KGgoAAAANSUhEUgAAABAAAAAQCAYAAAAf8/9hAAAABGdBTUEAAK/INwWK6QAAABl0RVh0U29mdHdhcmUAQWRvYmUgSW1hZ2VSZWFkeXHJZTwAAAJmSURBVDjLhZNNS5RRGIav8+HMvDNO5ZhOYqXQF2FgVNRCCKM2EbQ1ok2b/AG16F/0ge5qUwitghbWooikiIhI3AQVFER+VsyMztg7vuecp4U2ORH5wLM5cK7n5r65lYgAoJTaDhQBw/9nAfgiIgEAEWENcjiO43KSJN45J//aOI5lZGTkBtALaBFpAhxNksRXq1Wp1WqNrVQqUiqVZH5+XpxzMjs7K6Ojow2Imri9Z1Dntjwo2dObZr7vpKXFoDVAwFpNvR6za9du+vr6KRQKrKysEEJgbGzs5vDw8DX1/N6Rrx0HOrpfvOqnWs0CCgQkaJTJEkIAHENDFygWi01mWGuP2Vw+KnT3djPUM0eLzZO4L6ikztQz6Dl2i4ePxgk+IYoylMtlQgg45+js7FyFKKUk/llhevplg9zTtR8RC0AmSlGtrGCMxVqF9x5j/gRlRQLZbIbt3fvW4lwmpS0IhCA4FwgEjDForVFK/Ta9oYDa8jdmpt83Hndu86DaEQkgHgkBrXXT5QaA4FuiqI3itl4IPzHWk7G5NQUBQgISUEoBYIxpVlArle9+fCbntFY6qM2Z4BOWazFzS13UPrwjlUqzuFhtXF9NZZ0Cn7hLc59mrly+/uPQ+OO3T+6PP8W7OpH1fJ6cpLU1hUsSphcqRLlNFHK6GXD84nuvlCoDS1FrgZn28+T5zom933jzeoKpyZeY9oPceOJpz1e4erbtLw/WTTBZWVpaVNmcYuvWDk6eOsPAwCCLseHOpCOfNg0vgACg1rXxSL1enzDGZAC9QSOD9345nU4PrgfsWKvzRp9/jwcWfgF7VEKXfHY5kwAAAABJRU5ErkJggg=='),
('C56', 'Tasha Arbuckel', 'Html', 'Python for Engineer', 4, '56 hours', 'advanced', 'data:image/png;base64,iVBORw0KGgoAAAANSUhEUgAAABAAAAAQCAYAAAAf8/9hAAAABGdBTUEAAK/INwWK6QAAABl0RVh0U29mdHdhcmUAQWRvYmUgSW1hZ2VSZWFkeXHJZTwAAAJqSURBVDjLpZNLSJRRFMd/M9/okF86IONzClciCRNGZS/BFoIa9BBDrSSC0F2rIFxZUAaDrWrXoggEqVBxHRSmofighUk2jEXjPBxHRbQv1O8+Wozo2MrowuFy7uH+z+/+OdehteZ/lgugZ3i1U2vapFaHlFJIBUIppFRIpRFSpYVECo1UaqKrtbTSBaC0vtNYme39l84PXoeO7hBIpbwAg99fIZRASIGtBLa0d3cpdmodZ7qwbelOE0j5cL389r66WxsCW8hdD6RUAPSOLO5L4NKJXLbSBcS2AMC1qnzefErQdK5g56xvLEHj6d18aW1jL4EtFUprXAb0jS5iGE76xxZxOMG5fWlwfBG0JsMFR3xZbNl/PUEDLsNBQ2Ueg+NJLlfm7yFIz0OxNYRQewm0ApcTBkYjRL5NEhiaI9+bS3Qhic9fQ++HX8yN9eMr9LK8vMKBdQ/V1R1mSkAotNY4tWB19h16fZ1bN1uxLItIJMLo+Ec82SbNV69gGAbxeJzMqSlWcnLup0xUKZzQzCTxYIjmG9d48vQ5s9MTFBUW4vf7Cf/8QXf3BPGFBY4dP0VtzXnC4XC7E0AIgQbCoRk8OQcBeNR5D2HbtLS0UFVVRX19PXV1dQjbpqm1HQCPx+Pe9UBryksPM/15MjWqDx8jhCAQCGCaZmqALAulFD0vnnHxQi3RaHTDobXm7suvI8KWFavJeXPty1vOnqyg2OcjK9NJIpEgGAzidrspKSmhoKCA35uKWHTeHh56P+dI/85lZWVGUVGR3zTNgeLi4jy3220AzqWlpTYg6vV6B4CMzc1NGYvFkpZlNfwBMWlOUI5ySkcAAAAASUVORK5CYII='),
('C58', 'Alison Pellatt', 'Uxui', 'Python for Engineer', 2, '18 hours', 'advanced', 'data:image/png;base64,iVBORw0KGgoAAAANSUhEUgAAABAAAAAQCAYAAAAf8/9hAAAABGdBTUEAAK/INwWK6QAAABl0RVh0U29mdHdhcmUAQWRvYmUgSW1hZ2VSZWFkeXHJZTwAAAJRSURBVDjLpZNLSJRhFIaff+Y3x3S8pKmjpBlRSKQGQUTbLhBCmxbSrk1CiyCJEAJxUe6qVQURtGvTJooQNLtYEbVKoVDJMUrFS6iMzs35zjkt/indBEIfnM23eM/Ded/XMzP+5/kvbhz5p4KqoWqIGk4UEcWJ4pziJPjzAerbmlERMMPMwEIYYAJmhqmiTlERVA0UjBAjn0YCARXHyvQ86eXEljZHy0qpqavdIDAx0ssJBo9/xIxgu20aoKfuMiVFDYDysPc+O6urEVFCAJq/wlDqLkOpO2S9cUTB5Scn8GGpFU2PYrqOE8XyNwgFzAH2ofIpst5jXiY7yekKTiDnwDkYzZ6gf+EoibVJRBRVELU8QV7AieNwtBURYThzhhwTgYjA+Fo9T1Yu0BV/8JdA1fBVDXUSHExzfEmM0l5fxWwyQzLcztJqGxV6lp8Lx1jL1KIuTIta4MpmASdKa9UvDlbGqIvspaVMUWvhR3QC5REn47eIvYnjzy6T8UPIVCQIkqihzhBRagqbUFOcraOmGEos0kDlqwn2TITY39FNYdMB0qMDfH07SHV6Ed+JomJEikvI3HyGSSAWeB5koGB2hn2X+ohMvobh62wvK2d3YyNz38bxRRTMo6yiitLSHagGljafu0Jyuh9QJq/eJlLbBKe7NjrQG6MopwFBfGzsb7b/bB7pPh8QqNHse6Q+P6f46UWy6TlSwGoiTKYgjLeVNr7rqO/dFi2+tqvS+X5omtVFx/f5sOQy1uNttc7vOxq6k0uznWHxGiVsMwb3Tg24vt9oKbFtb+0ZHwAAAABJRU5ErkJggg=='),
('C60', 'Kaile Gerard', 'Js', 'Java Script for Front Developer', 4, '18 hours', 'Beginner', 'data:image/png;base64,iVBORw0KGgoAAAANSUhEUgAAABAAAAAQCAYAAAAf8/9hAAAABGdBTUEAAK/INwWK6QAAABl0RVh0U29mdHdhcmUAQWRvYmUgSW1hZ2VSZWFkeXHJZTwAAAJzSURBVDjLpZNLbxJRFMf7AfwEfA5YunTDTnwk3RlfMWFj4qKpKyfV2EVjhMwAUUyb1gYqCdWgQmqkRToFaRoLBcoUEGiB8hoQpgzPcpxzgREfO2/y39yc/++87p0CgKlJXTKCQpJKklrS9Ejq0Z3iz/hJ4wVJyofrda1954Tx78fZg8ghHwpH+e29GPvGk2JmbFUtxmDsb4CR+aLVm6dCh0muUKmDIHahdz4gajQ7kCtWwbcX5hY3khTGjiFjgBLN4dh3odXuAR6x04eq0AVe0lm7T+4EsQPbgaBgdh4hREkA2BeWjZnHZsduCYo/OlCoDZWvtSFXbcuQjU0fd3+1gO0oEKCys8cMlo2nXO/A1SdeeBcoymbNnAfuGiOkGjyx1CnQNj+DXgSofd+OWOwZS0XTlcdeSR5Y9xchy7ckwBYBVBpdqDd7UKqJsLT2nkUvAqaDBxEeh4UBCMCMqOvzfmCcGdBQW3DHECbVnVRa0Omdw6pljUcvAeyHwgSAAdgrmq893SGZDa5juPzIDbeZISBTbklVdGFp+bUMUH/ZjbI1oQ0NsUcyELOUFStKFUUJ8JkAcLC4mXi2BrTZIregsrgTTCZXgcEASAYN5SbmZEEkQvNNOkza6/YHsPk1CpTpozxExQNrWev2Bji+3pI3gcbEaRPi+aa8TjQnpOz6FyvcLVN8uMbxQ6LfhijHJ69QqJ6RSmpnPVJNuiSS9aE5nq2CzmwVZmnnr4c0+ZQXLAFqxebg/MEEZAp1MhPsOZrmweUNwQK9yM3oP/z9lCc/071Xae3cSxfzzLjM0gYT/1zP8PM6MzurszM3mNi/P9P/fOefb4UIeuRftTUAAAAASUVORK5CYII='),
('C61', 'Shep Woliter', 'Js', 'Java Script for Front Developer', 3, '32 hours', 'Intermediate', 'data:image/png;base64,iVBORw0KGgoAAAANSUhEUgAAABAAAAAQCAYAAAAf8/9hAAAABGdBTUEAAK/INwWK6QAAABl0RVh0U29mdHdhcmUAQWRvYmUgSW1hZ2VSZWFkeXHJZTwAAAJGSURBVDjLpZNLTxpRFMdd+EX8BixZ6VfxQ9imq3YzSdNVE2MNyEMYAeUNofIKEBjA8CoiM4BCgiQgaJqWtjySAc2/585iogG76eI/czN3/r9z7jnnbgDY+B8pj3w+v5nNZncEQdhLp9N8KpUqJhKJYTwel2OxmByJRIbn5+fFUCjEB4PBPZ/Pt+PxeDZVAJm5SqUCURTRarVUNZtNdd1oNFCtVkHBEA6H4XK5OBWQyWQwnU4xHA7RbrdRr9eVn8vlsiK2ZnC2NxqNMB6PcXZ2BhVAacu3t7eYTCYQbr4jIP2ErzWHt/0I780jnOIUjsoDYlcDjH//UYAOh0NWAXTmbTrzUmpew3bRA196gONqAndrARfJevkLXzJ9fI5dwxkvwG63L09OTrZVABMVTBuNRpfVegPWlIRPvhI+nF7gHZ/FG4sAzl2AP1V8YX4BYKJKa6nSy8srEZakiPeneby1CvjoKeJrurRiXgEwUZu0fr9/+a16iVStC9/FNSLCevNaAJPX69W63e6nxWKhdIfMT+vMrwKYnE6nl7WtVCqB53nbPyfxuSjyFvV4l9pU6Xa7yOVysFgsebPZvGs0GrdeBdBoami6ioFAADQXoPHFYDBQ3lQXUHFxfHwMnU5XPDw81KwAyPxDkiTIsozZbIa7uztFDHJ/f698Y3vJZBIHBwejFQClzbFIhUIBnU4H/X4f8/lcUa/XQ61WU+7A0dER9vf3ubU1sNlsGqvVylGqWZPJ1DEYDNDr9SztLqWdpcgcmTXPPX8BpLUNr3FYePgAAAAASUVORK5CYII='),
('C63', 'Launce Pellitt', 'Html', 'Basic HTML Theory for Beginners', 3, '12 hours', 'Beginner', 'data:image/png;base64,iVBORw0KGgoAAAANSUhEUgAAABAAAAAQCAYAAAAf8/9hAAAABGdBTUEAAK/INwWK6QAAABl0RVh0U29mdHdhcmUAQWRvYmUgSW1hZ2VSZWFkeXHJZTwAAAHTSURBVDjLY/j//z8DJRhMxE8+VwjEE4D4DBD/j5989l/8pLP/4yec+Z8IpJMnn/2fOPH0//i+0+9TJp063b3uxv/uNdf/Ixsw+z+JoHPVNRQDboB4c468hePZeDAIJPYc+4EwYOLZDzADDt76AsaHbmPHMAMiWg7+gxsQN+HML5DgbAI2I7sgvHEfwguxfaf/kRoGoXV7EAbE9JwCC4bU7/nvU7vrv1fNLjD/3tMPWDFYbc1OhAHRXSfAgg5l2/83L7v436J4G9yA1++/oWCYAcEV2xAGRHUcBwsa5235X7f0wn+9nE0oBjx78/X/moMr/5fMTPif1uf/P7HL679veRGSC9qOgjXopK//X7rg7H/tlLUoBizfu/h/4+rE/1uuTP1/4dmu//27s/6H9+v+N8+W7IG4oO0I3ICS+ZgGgGzceHnC/43XJoHFe/ak/u/fkw4y4DvYgIimQ/9gBoA0IxsAwj7Vhv+3XZmDEgubLk0FGQDJEKENB+7hizL7QqX/3buS/rfvSgDz23cmoLogtHZff0jN3q3B1XveBVfu+h9Yvu1/YNmW/wElG//7F63975wX/z+4R+N/764UsM0gGsSHhwExGKi4A4g/gZwNpTtA4gDRWxxGCQ/RXQAAAABJRU5ErkJggg=='),
('C64', 'Gerik Vedikhov', 'Python', 'Java Script for Front Developer', 3, '56 hours', 'advanced', 'data:image/png;base64,iVBORw0KGgoAAAANSUhEUgAAABAAAAAQCAYAAAAf8/9hAAAABGdBTUEAAK/INwWK6QAAABl0RVh0U29mdHdhcmUAQWRvYmUgSW1hZ2VSZWFkeXHJZTwAAAIESURBVDjLpZM9S9ZhFIev/+Pz+BKGUBAZJUQEOqRCi6hDYAYtfQdXySki+wYubeHQEoHQWoRLYBGIOFhkJTg0tCShgfq83W/nPqfhH9SgIXTGM1zn+p3DKcyM/6nqUc3553uWVYkCOStRlCDKs9lLxYkAISqTg6cQVdRAsvFyo35yA5eUmJW9QyFlo6+ng6bTkwNaToii+KRINkK1QsPJ0QB7eL/coiqWBEtC+/IDQjR8MpIo3bVM3ed/GEzdBFWKnClyprGpBDFcyKQMPTWjflwES0IhAh/egyQYHqXpIj4p7VhG8J0F4tIxgBBLQPCQBJJwGIyQFBeUlI3eLkVbytzKjKUoxJhIPhFCoqI+gAj4AN5DjDRbio+Gi6WFT8ZQ/xqdXzO23UC29xnQAXzLU1X3e3IIECOIIC6VBlGJ2QjtZW5MbHB9aIyLZ67ydusF619WONgVKtoup+JcaZAS2lJ8LAEuKu3GC0YHR8iVzEj/NLlIjF0bJzYOqVjb/RWhjKNOcekPYL/5g1rRy52hOQDuTT3hyrlhMKOqbQcpwfgE5AwimBOiGOf7aojC928HbO2ssbmzyvz0UxZez9Dd0VVe4VHXLXRpFwuCpYyljPZmlpd2ICqWhbMDt1n/9Ibx4UlefV6ks6iy+vEd9Z9DFCd957G7FxaAWeA00AAW1x/vzP8Cqr99v3YC63EAAAAASUVORK5CYII='),
('C69', 'Erroll De Michele', 'Js', 'Java Script for Front Developer', 4, '64 hours', 'Beginner', 'data:image/png;base64,iVBORw0KGgoAAAANSUhEUgAAABAAAAAQCAYAAAAf8/9hAAAABGdBTUEAAK/INwWK6QAAABl0RVh0U29mdHdhcmUAQWRvYmUgSW1hZ2VSZWFkeXHJZTwAAAIMSURBVDjLpZLLaxpRFMZHCEIp/V/SfaGL/gXdZxMIpd0kgo6jINoH6iIIBd1kFRdmoZUOs4pVXDhKfJCA+AQfAz4QCQSf41tP77lwB2mTLtILZ2Zzft/3nXMvBwDcc0uW5XfPAtPptD4ej9skSeo/2lCpVF6VSiVXPp+/zWazEnF6s+f6+pqccDis+v3+v+FyufyCwLedTgcmkwn0+33I5XIQiUR+xWKx78RVqdVqkEqlwOPxXP3prC8WizetVgvw7HY7YKdarUIoFFJJAvB6vQ9ut/vUZrO9ZKCONHwoFAodRVFgvV7DdrulAljD4RBUVYVerwc+nw9cLteR2WzWI4uRdaR+ttttGhkBjI3Nq9UKME29XofpdEpFo9EoOJ1OnqXmyKI+s8gsNiZoNptAkkG324X5fE4LBXF+h8NxrQlkMpkURmRx0WWz2cBsNqNz4zIxPqZDYWIIVqs1rgkkEon75XKpgeiyWCyoIwojgH+EyZWCxWLZGI3Gt5pAUhTv0Q0bGMgcR6MRFWw0GiCKIgiCUCbw4f7NcbmLCxl3gO77ILqymcl13RH47LFHx9UF86V6fg6rZJIC4/GYFo6FQoFAAMiVvX/qWXOtk5ODxtnpzezbV7o0dB4MBkDeBASDQeB5/ovBYNA9KYAf5fj4oPjp46UkCPIVb3qw2+09sukfJpPp6F+wJvA/9RsZICZTCkof6AAAAABJRU5ErkJggg=='),
('C71', 'Lawton Verrier', 'Js', 'Basic HTML Theory for Beginners', 5, '24 hours', 'advanced', 'data:image/png;base64,iVBORw0KGgoAAAANSUhEUgAAABAAAAAQCAYAAAAf8/9hAAAABGdBTUEAAK/INwWK6QAAABl0RVh0U29mdHdhcmUAQWRvYmUgSW1hZ2VSZWFkeXHJZTwAAADMSURBVDjLY/z//z8DJYCJgUKAYUBE+440IHYh1gAWLGIzgXgPFINBVFTU/1+/fjH8/v2bAUSD8N69exlBcozIYQCyHUgZAzGIdl1R6bGHVBeEAjW5Qr1QDnOFj4/Pf5jNMHzmzBlUFwA1hQIpkMZ7QKxErCtYoJqVoDaGATXcg/JBBnQAsYmdnR2GC27duoUZBuQAeBhERkZi2IKOYbEAop8/f05lF3h7e/8nZDsy/vz5M5VdYGtr+//nz59Y/QvDf/78QcbUcQHFuREAOJ3Rs6CmnfsAAAAASUVORK5CYII='),
('C72', 'Liam Symes', 'Js', 'Java Script for Front Developer', 4, '64 hours', 'Intermediate', 'data:image/png;base64,iVBORw0KGgoAAAANSUhEUgAAABAAAAAQCAYAAAAf8/9hAAAABGdBTUEAAK/INwWK6QAAABl0RVh0U29mdHdhcmUAQWRvYmUgSW1hZ2VSZWFkeXHJZTwAAAIsSURBVDjLpVMxbBJhFH6HR1sKNG01jbkEGYgDjMLk0GgYiZODBEZ1cHDASAJMLiwkspAwECRMOhkhcXNwUTGmZWhs0RqtXmutBrGDHoT7//987wfaQrv1T77/3d3/3nff++6dYlkWnGaptOVyOR2JPIhWKpUKTCal0+mXpmleEUK08vl84BgBLk8kEoF6ve5/tmJYggOQLooCY7fbhVgsBpVKxX+iAs55s1arXXLMLcHirE0WWbgJZKEO585dgFKpBIyx15MEysiDp+8M66zLJgvEEch7JNvdF3Dr6qxyogJao8Q3z4vQ+bUD6owbLl+7C/YZ1+CMC5kXDodX0I8gYrXRaIRsIwLZLya293SIRqPw++cOrG+3Ye1bB9a22rD3Zx8ePNGtXq8XzGQy5EtwTAHDYo6wO+ahWCzCmSknLLlVmHbYgSOzwEOKzgUNkskkoILmgQeJRELKcs6fh+Xr9+E9vlVbmMKWsBD7IvUcN04kiM3vBhTuXJR+yBZITjwehx/6Jux22CBZWDIyhuoYRQvYkMA0D4dPEmBfzUKhIOPtsEsxKZGKOBUJCT4iGcaxr1CtVoNHP83gbYeSDzwYXjPGj8/BaIVCIb3f73vcixrcuPdIFpIS8oOjH48f3oQvG29p+FqoOGCbHAx86Mlms+jHJ/i4bcAH/R/CgI2vf6G1ZcDn9QaUy2WaSv9wgKwx+Hy+Va/XKzRNa0yeEVRVfaEoCsl+RffKaX/n/x+oi531jRZtAAAAAElFTkSuQmCC'),
('C73', 'Perle Berford', 'Js', 'Basic HTML Theory for Beginners', 2, '40 hours', 'advanced', 'data:image/png;base64,iVBORw0KGgoAAAANSUhEUgAAABAAAAAQCAYAAAAf8/9hAAAABGdBTUEAAK/INwWK6QAAABl0RVh0U29mdHdhcmUAQWRvYmUgSW1hZ2VSZWFkeXHJZTwAAAJGSURBVDjLjdJLSNRBHMDx78yqLZaKS75DPdgDDaFDbdJmde5QlhCJGxgpRJfqEEKnIsJLB7skQYQKZaSmdLaopPCgEvSCShCMzR5a7oq7/3l12RVtjfzBMA/4fWZ+MyOccwBM3g8HEbIdfCEhfAFnLVapOa28Uevpjrqz/WOsERJgsu9Uq5CZQzgqrJfo9BajNd5irEYn4p3OUiFExtCLmw2tawFi4l5zUMjMIau9u7K+qxeoAcoAA0wDb2OPwmfA16LiiaOHLj1edRLpkO3WmIis7+oBDgJbgQ2AH6gC6jY19N62RkcctKeVIJAhp9QgUA3kJXdONZVcq9JxPSgQoXRAyIDRth8oAXQyKdWnoCKrTD9CBv4GMqx1WGNZkeRWJKbG2hiD1Cb9FbTnzWFdY/LCdLKlgNQ84gyNKqHm0gDjqVHnxDHgA/B9RQkpaB6YklkZl62np9KBhOqwjpKFgeY2YAz4BESBWHI8Hhs6PVVSvc3v98ye4fP7T676B845nt040ip98qpWJmI9PWiU6bfWgXGN2YHcKwU7tsuc4kpUPMbU0+f8+vKt+Pitl7PLAMDI9cNBoB0hQwICzjqUp6MZvsy8yvp95BRuQUjJ75mPvH4wYo1NlJ64Mza7DPwrhi8cCOeXl/aUB4P4c/NJxKLMvpngycCrzxVFG2v/CwAMnguF80oLe8p27cQh+fnpPV/fTc95S6piXQDAw7a9YbWkezZXFbAwMx/xPFXb1D3+Y90AQF/L7kAsri9mZ4lrTd0TcYA/Kakr+x2JSPUAAAAASUVORK5CYII='),
('C74', 'Annie Ace', 'Python', 'Figma for UXUI Designer', 4, '56 hours', 'Beginner', 'data:image/png;base64,iVBORw0KGgoAAAANSUhEUgAAABAAAAAQCAYAAAAf8/9hAAAABGdBTUEAAK/INwWK6QAAABl0RVh0U29mdHdhcmUAQWRvYmUgSW1hZ2VSZWFkeXHJZTwAAAITSURBVDjLdZI/aNNBFMc/vySSpLZFg5QguvgHcXHTImQu6OQq6CDoIDjoIpk6dLHgKA7iIOjgotjNLqJCKXQpooMOFSlWGpRGU/NLLnf33nNIQtKmPvjyOO7e57537yVmRj9uvblmF09fYLW+jJgiKj0pUSNnD1V4svCUxTvvkn5NjqGIIaLWPSwqRNVeHsj7OFyyC+AjZhBEhiBdqWp3rxN2ADLDi+AjecbIZwoEiXgJeAkEieSzRYo2TvDh/w6Cj3P19fezV/OfKYV1CuZQNZqa5Zce5u0nJfg491/As2MfNlrxY7M4dXucsVMYGRJtMxkajG9/4WD9QfPyebcxXJP0uxCXj0xjLHDiYdmyk2isQ/yLSYqJgyQBCTRXqzXxXCpfsZUdf2ASqhy9W7bcASz+AWlj4npK0c5PTFMKJ2+WwzbVkSdo9JXs/jNY3MbU9dTpyWHaQsNvMmNThJTKSBdUpWSZHKZt0E5PbiBxIE2wQPSURgGiYBHUD6z3b5eBI6xD9HvMgUapW2hgFnZZdwMIivgWoU19FBDckmytkCTZnfally2QyRRpb36n1WBpBCCO+ebqvZq6LcgWMIuY9JygJLkJokv4+vJ1rZ0yPzIHAJuPkhsSmJs4d728r3QcEsNiivgG6Y811p4v1topszMv7PGeAIBv95Np36AaHRWJlEIHXIu6S1kSYX7mVXeA+vEP7PyqQia3ZfwAAAAASUVORK5CYII='),
('C75', 'Max Whetnell', 'Python', 'Basic HTML Theory for Beginners', 4, '48 hours', 'Beginner', 'data:image/png;base64,iVBORw0KGgoAAAANSUhEUgAAABAAAAAQCAYAAAAf8/9hAAAABGdBTUEAAK/INwWK6QAAABl0RVh0U29mdHdhcmUAQWRvYmUgSW1hZ2VSZWFkeXHJZTwAAAIrSURBVDjLjdNPSNRBFMDx764aarTaZqmb9mcXDyaF9IeS/kBCUR6kbt3MU9gxCjp1iujgpQ4eutS9SxAUS1Barm6EYnRYTEPNpaAtbXPd/f2Zea/Doij+wQfDMA/mM2/eMKgqWxk/29p0vXyQLcbL7u518wFVXV6kUim11mKMYWk2xpDJZEgkEkQiEWKxGJ2dnYGlPaUrNd/3iUajAKyEVZX29nZUlXg8vqqCVYAxBoB348WbWQUrICpYC5cOGVzX3RjwPA9V5Wjd/LqNhOqtAcn0TkQFI8UKjAUR5WqrwXGczQGAE/W/15z+OHmd5EyOJu/axoDruqgqA9NhrCpGQGyxF3nf0FDTzIj7lCt9fRUvbk4X1gBZ+xdV5UxjhkfDXaj4eGLwjCESbqK57iQLziKf08ncud5w1fvbc7ll4E6y58C26nIuawcighGPCy1dWBWsWATlR3aWww2nyXmF4Mj3geyR+8HwMiAiB4NlJaSyX9ijERzjYVWY+TOBLwYjPr71+ecu0Np4lpyfD36cGvwTBLiVuBHCBt7uKqvhTfo1IoJjHIw11Ib2URfaT31VlLKSCnbv2MvobIKhb4n5vMfxUgBrbI81ohO58cB2L0Q8/Yq8cXg23IsnHo5xidW0cCp6kU8zg/RP9mttZevY0N3RsSLwvPwhQADIYxlnkggdq57rQ+EJgWAFQ1+HOOZ2BMJztefXfKbNInovsGilpLIgNvrrgU4t5f8DTGqAX1cDO6cAAAAASUVORK5CYII='),
('C78', 'Rhody Latty', 'Uxui', 'Basic HTML Theory for Beginners', 4, '18 hours', 'Intermediate', 'data:image/png;base64,iVBORw0KGgoAAAANSUhEUgAAABAAAAAQCAYAAAAf8/9hAAAABGdBTUEAAK/INwWK6QAAABl0RVh0U29mdHdhcmUAQWRvYmUgSW1hZ2VSZWFkeXHJZTwAAAImSURBVDjLnZNNiI1hFMd/73vvzSXjKwzmRopJyFcaYmczPko+8pE0SpYsrLAglnbKAvlYSNkYjYhmSrIRRRQbKblc07Cii3Hf82Xx3jsxG/Kvp9NTz/mdc/6nJ4kI/kfdl9ftENUL6b887rm9s7K7d+va35I3i+r1jvaZk5O/ddBze+e8LJNFWZbdzES7RaQsqn0zpk0vVGu1+l87yDKZnGVZb2VaRyoiA6J6a05HpVCt1erAiuTOwOYA8AjcHHPHzVA3LFNMhHea8rI8hYltbXz78YOhwY+s1++0qVPc9PU9zN/zZ1n3P485j7584mT1FQUPrs3tolIswcPrFEeS6oPgTpiBGagSpiBKqLBKlUvjJoAa7UOvYfoCGI4WICACVh4jKbURL84TZqRLD4AOY/cOk244w+xSGX1wmvjwHESaAFVQg3AoTSAenyJZfYLEGvjTc2BO2nUQ5Dty6xCFJbvR6rMRQIpIDvCAtAjj54Ar8bVGuuYo6fL9+Jt+kqmdFLdfxN8/Ac9HpBGkDP/M53UHIFm8j3jbD1kd691DEKQLtyFXNuKv+ih2n8qNVWsCGprT3MEFf3aWpHMLfPtMYdtVkvIk7OUNSj19FJbtQu8ebwIUBJI4PStYtpfgS+66KiEKKoRIftdWVDAjzBgztgJ99ykyHCBCYmWS1grNwByiaW7qUDBIAoqeb6ypJI7MCCQgC2gAFpCNigoYudGjlPzvd27pFy1NYQEtEp0PAAAAAElFTkSuQmCC'),
('C80', 'Nicolas Oram', 'Python', 'Figma for UXUI Designer', 5, '64 hours', 'Intermediate', 'data:image/png;base64,iVBORw0KGgoAAAANSUhEUgAAABAAAAAQCAYAAAAf8/9hAAAABGdBTUEAAK/INwWK6QAAABl0RVh0U29mdHdhcmUAQWRvYmUgSW1hZ2VSZWFkeXHJZTwAAAFUSURBVDjLrZM/SAJxGIZdWwuDlnCplkAEm1zkaIiGFFpyMIwGK5KGoK2lphDKkMDg3LLUSIJsSKhIi+684CokOtTiMizCGuzEU5K3vOEgKvtBDe/2Pc8H3x8NAM1fQlx4H9M3pcOWp6TXWmM8A7j0629v1nraiAVC0IrrwATKIgs5xyG5QiE+Z4iQdoeU2oAsnqCSO1NSTu+D9VhqRLD8nIB8F0Q2MgmJDyipCzjvYJkIfpN2UBLG8MpP4dxvQ3ZzGuyyBQ2H+AnOOCBd9aL6soh81A5hyYSGWyCFvxUcerqI4S+CvYVOFPMHxLAq8I3qdHVY5LbBhJzEsCrwutpRFBlUHy6wO2tEYtWAzLELPN2P03kjfj3luqDycV2F8AgefWbEnVqEHa2IznSD6BdsVDNStB0lfh0FPoQjdx8RrAqGzC0YprSgxzsUMOY2bf37N/6Ud1Vc9yYcH50CAAAAAElFTkSuQmCC'),
('C81', 'Murvyn Cheverton', 'Html', 'Java Script for Front Developer', 3, '56 hours', 'advanced', 'data:image/png;base64,iVBORw0KGgoAAAANSUhEUgAAABAAAAAQCAYAAAAf8/9hAAAABGdBTUEAAK/INwWK6QAAABl0RVh0U29mdHdhcmUAQWRvYmUgSW1hZ2VSZWFkeXHJZTwAAAKDSURBVDjLjdFNTNJxHAZw69CWHjp16O2AZB3S1ovOObaI8NBYuuZAhqjIQkzJoSIZBmSCpVuK/sE/WimU6N9SDM0R66IHbabie1hrg0MK3Zo5a8vwidgym8w8PKffvp89e35RAKJ2ipp7WDxvjltZ6jwCr5W2bpHHtqUnx+77877jsZxzlO3roAWXuw5ha1pl9MZdAW2ig8RyXyL8rnx8G6uH387AMnUMC2b6l10BJPdAfWDGhZVREuszT7D6hsTStBNDurO+XQEZnEypx1a28XW2F8HFPqwtOBAYJlCde9EeEZCy4sTN4ksrRA4LZB57vZCfMElUyH4E7Ap86r+LwIAGIy03cDr/lDNJGR/zDyBiHGc3i1ODjUIWtqbdIIexVY86kwZ3HijR/86GmqFqJGhPWs8oTkRvAgb+uZGHhVfRV3UNni41OhU8EDlstBSkwjKjhnmqAg3uUtS6y9Dzvg0ljmKkFCaRm4CJT+/5OERtG4yqZMEwdQt1biV0EyW4PVEE1dsiiMk8eMn0/w9Wp+PCNK1CQ6iBYeommkIpH5Qhy5AF/6Mrf4G955tUJlXxtsHieeWQ2LJxvVuAAkoASUcmLugZPqW0qsprEQjDx3sY3ZIMhXt1+DNw77kdmnYKSsKKx+PfoTQtYX9KtzWG2Rod6aujaJwWHk8+uDawGITeA+SPA7nDQOYgwKcAYhQQajyIY9eQEYE5feLPyV4jFC8CELkAkWMDQmoDPGsQaWYgzRjEU8vL8GARAV8T099bUwqBdgzS14D4VaiBA8gZALJ/t6j1Qqu4Hx4sIvChoyDFWZ1RmcyzORJLJsDSzoUyD5Z6FsxKN+iXn/mM5ZLwYJGAX0F/sgCQt3xBAAAAAElFTkSuQmCC'),
('C83', 'Lyssa Husset', 'Js', 'Python for Engineer', 2, '12 hours', 'Beginner', 'data:image/png;base64,iVBORw0KGgoAAAANSUhEUgAAABAAAAAQCAYAAAAf8/9hAAAABGdBTUEAAK/INwWK6QAAABl0RVh0U29mdHdhcmUAQWRvYmUgSW1hZ2VSZWFkeXHJZTwAAAJFSURBVDjLzZLdS9NRGMf3Fwy6jLrPKKerSAsqXzKn0xY4ZrIhbvulKwtrOCdYuWDOza02Ai96AxEEaXixTMkllDdKUjhrrmDMlMFGuLbTXO7N/b6d3+rCYFLQTQ98eTiH83yel/PwAPD+Rbz/A8D2dsupvlIRTjmdluS0XWT7WifJXu4gGUZN0q2tJHWxhSSbpGSrQRJJnKtT5AE0QEaVwMwLYH4eWF4G/H7A50Pu9StExsYQHR1FfGQEsQcPEXQ4ELzdj83T1Yl4+SkJB3iLJ4+AyUnA6QRWVgCPB5iYQE6nQ1CjQYhhEFWrsaFQ4F1jIz6ZzfB33QARlgU5QAnbo11kLSaAZsP6OvI2N4ecVIqQWIwv9fX4RrVaVYWPAwNYZdpBSo6HYweFsvwMaL97aL/TOUM/4HIB4TCwtARWLkeEBsYoJCYSIWAy4bOSAREcC0SLSkt/+4Wspp2fUammtvV6YGEB8HrB0tJJTQ0StbXYGBrCGg2OHT4aiB4QFBf8xpRcwU/KmqcyPfqfADqDRGUlUlYrnhoYdNtlbPs9CVqMFfG6XsHNgnuwdf4C/7tI7E733QI7Po6sxQKnQYk7TiWee4fhCblhf3kFzfZilHXutRVcjs2Ks/vjJ8/409puJK9roTJWw/XBAZfvfn6+ttlLsM92cIDkrhtGjpQfov2+of2uNfQJMe19jJ327P0wB/i7dT1xdV/S6lZh0N2WDx6caftzBTtFHxqbbEW462bymTnPnXedwS4QM1WcK/uXN3P3PwAfNsr5/6zP/QAAAABJRU5ErkJggg=='),
('C86', 'Brodie Seaton', 'Uxui', 'Figma for UXUI Designer', 4, '56 hours', 'Beginner', 'data:image/png;base64,iVBORw0KGgoAAAANSUhEUgAAABAAAAAQCAYAAAAf8/9hAAAABGdBTUEAAK/INwWK6QAAABl0RVh0U29mdHdhcmUAQWRvYmUgSW1hZ2VSZWFkeXHJZTwAAAH2SURBVDjLjZNLTxNRGIaJv6ZNWeBwkZFLQtGAC4l/wKULV+7YILeSYukEUhJoSASVuCI0hpAYDSUQCJBSoAaC0wbBUi4aWphpO52Zlpa+nnOqCAptJ3k3M3me73LOlAAoyZfDqQdOEvyO89/vRcGZ5HeWmySFYdWHVOQN0vE58jrLJMFJ82hewVU4+bMfqdPxP9VBn+A4D88wP59PwFqmsH7UgeTJEMlsTuIyI5uRsDfCMcmtAtoyhVmOu5kkHZuFsiNA3XuEi+QCdhxluL0D/SvpoO+vhIksiItNiPqqyXgfIL403gjfoTsIL70gQBdim3VQvz2FFnwOxf8E8kYF0rIVYqcRM70Vgf/Pe/ohwsutOJdcpBpP4Mek+jPEfbWQVzkG+7tNcNsqt68tkcLZTIzM6YZ21IbolgHq9j1o+z04nKhHRnlH2p6A32LCvFD55fIYr960VHgSSqCFVDJBEeugh+zw2jnpc0/5rthuRMBaioWBqrVrFylXOUpankIi0AjJY0DC3wD9oA9rAnc2bat+n++2UkH8XHaTZfGQlg3QdlsIbIVX4KSPAv+60L+SO/PECmJiI1lYM9SQBR7b3einfn6kEMwEIZd5Q48sQQt1Qv/xFqt2Tp5x3B8sBmYC71h926az6njdUR6hMy8O17wqFqb5Bd2o/0SFzIZrAAAAAElFTkSuQmCC'),
('C90', 'Jeddy Pert', 'Js', 'Figma for UXUI Designer', 3, '24 hours', 'Beginner', 'data:image/png;base64,iVBORw0KGgoAAAANSUhEUgAAABAAAAAQCAYAAAAf8/9hAAAABGdBTUEAAK/INwWK6QAAABl0RVh0U29mdHdhcmUAQWRvYmUgSW1hZ2VSZWFkeXHJZTwAAAEXSURBVDjLY/j//z8DJZiBLgZkz37Ynjrz4ReyDEideb89afrDf5ET7v4n2YCEqXf7qpY9/T9r76v/Xu03STMgasLteaVLHv+fufvl/6k7X/y3qrlCvAHBvTeXFC54ANbctv7p/95Nz/5rFZ0nzoCAzpuPsuc++D91x4v/jasf/y9aeP9/89rH/6VTTxJngGPDtc3xU+/879789H/5kgf/02fd+V+17OF/yZhjxBmgVXCaRT3v7BqP1mv/a1Y+/J824/b/woX3/osHHSAtECVjjqy0Lb/wP2/+3f+Zs+/8F3XfS3o0inntXWSeffJ/0tRb/0Ucdv4nKyEJW25ZYBh/5L+w5fb/ZCdlQYMNs4WMt/wfuMyEDwMA0Irn/pDRT58AAAAASUVORK5CYII='),
('C91', 'Dewain Ghilardini', 'Html', 'Figma for UXUI Designer', 3, '56 hours', 'Intermediate', 'data:image/png;base64,iVBORw0KGgoAAAANSUhEUgAAABAAAAAQCAYAAAAf8/9hAAAABGdBTUEAAK/INwWK6QAAABl0RVh0U29mdHdhcmUAQWRvYmUgSW1hZ2VSZWFkeXHJZTwAAALTSURBVDjLpZN9LBRgHMf1R/NPuo7Uam0aaV7G2uSvYki6c4hhWZe3mJw6i9FxnMj7RUNeIzYvnUtLuXKGXDV2yMm9JK10iDHlvOTuvN6369Zs1kZbf3y2Z8/2+ezZ8zw/PQB6/8NfG1H2B1n5JMPlAsoBsEkEsFyISqqdccY/Ba7ZGTJKvYiaygBDVGi570tEtjsBMY77NRRbo7RdA2UUAmq0IlsrZVN+Q0SmhzHinQ1xxY6wuGsg23Ef2sqSMclno7cqBtFOxoh1PYLr500RcYa4Vpvgqb9joDLIZE498wmLPWWY6rgHMfc25C9zoZCLwIk0Wxxttr800hCAz88zMfTQDeIS66BtgSKqVbei/xFmB5qgGuJoadStFSIO+BkWX6e7GFiQvAB+TmFe8gTCPNLMlnyY0rDX/GxULYd+GisDVVDLmnWo3jdAwLbFd2nK5uq3Fky/vguV9Ck2xrohrYlQ62Rjd46+EamedozUCdnEMrhJXmhM8tTRnucChYyFTVU3VKM3MNdPx8e6MEgqA3/0F/mc1DMic/cYuHFDTDy6MTypQv0kECsDaH1AVocACmkiNtVCKL8EQz1BxdIwE/IKpxlRvusp3SVa+1Z7u/qx0dS7gXIxQBdqECnQIJXzDNPvGH/kIKjHL2NRlgRZoRtiIyJTt15hMNliY5aXgOJqHkL4QFgrwKrjQdp2S3vst1DLw7AyEYgF7UlGSi5gtiUewjjLta2AmGWpUbTfQUBEDTI6lIgr4uBDKxNifgEm+/yhlFMxN5QASakPAsNLMd+Zjn6GlWYrIK2lJ4oSzddDQ7PW7UMEeJx7Dlgaw8gDP3Qxj6KnnAx+DhkuflWghzOVgym2K1onfdtHkjfSDFKYGUbHvXnlaeE2WBUWY7WvEH2Zzqi/agYHcq7ixMWW9pvRqYfGuTSDHafR34Gozg62WH+VQ17vzHd5w2PYmO40zr8A5dG3M3vHNHcAAAAASUVORK5CYII='),
('C92', 'Pete Nelsen', 'Uxui', 'Python for Engineer', 4, '24 hours', 'advanced', 'data:image/png;base64,iVBORw0KGgoAAAANSUhEUgAAABAAAAAQCAYAAAAf8/9hAAAABGdBTUEAAK/INwWK6QAAABl0RVh0U29mdHdhcmUAQWRvYmUgSW1hZ2VSZWFkeXHJZTwAAAL3SURBVDjLdVPdT5JRHGb+Ad57W6tFrpZ200035bpuuTk268K0LuDC2VpEhAXCyHRaudacjvxA3QKcOsVSQEABv/CDIYl8FIK9iUKt9FVyL0/nvC0Wm53t7OzsnOd5fs/zO0cAQHDcXFhYqPZ4PFMzMzNTZFT/717eZnV1Vbi0tFRIwAUEnNza2kIikYDRaEyazeaCkZGRQpPJJDyWgIA7CJibn59n3G53kdPpZKLRKCKRCAiQGR4eLiJEzMDAANfb29uRR7CysiIPh8NIpVIIhUIg4D2bzZYNBALw+/0YGhrKEvAeqQwMw2B8fBxNTU3yHAFRVRCvWUpCAcFgkCf6S0D3Pp8PlGB2dhYymSxbV1enyLPgcrk09PLi4iLm5uYwMTGBzs5OdHd304pAbMHhcPDqjY2NmpwFwugl6nG73Z5eX1+H1+uFxWKBSqVyS6XSsvr6+rLBnsfBdds9zDg+8OfNzc1prVYbb2ho8AoImNve3ubLpcokSPT19UGtVpdRhchkZeHG+5uxVMiAVcszvjJaDQ1XIpFwAtJjbnNzk/dID6gCSRxtbW08QchcUb/zUY+jvTACQyJYx7pBquXvV1VVcQLSEm9ra2u8q6srvby8zJPQHHQ6nXu0V14dGLzx43BnFIdfWpCOjGHBKMHdO9VpkUgULy8v9+ZCJG3SkCD5oOjq8bjheleL3aARh3EVnM8u4lfKiGXdVbQrK0x578BgMCj6+/uza2trPJi2y+cy4JNVjkyyB2y4Ck5tCQ5iUnyPmjHZcgV1ktvqHIFer5fT5OnLI0TQqFV79vbr+EaCO/h8H/sboj8zdItYeYGY4xXePrxsyXsHSqWyo7a2lqupqWGcr689ijlbkPn6hlffD1USC6X8ykbFYJlhOBvObTuUxWfzPhMhEIrF4sK5l5cS7G4EmbQVh0mSQdLwzzTh6KcfiVk9bPLThmO/qOt56e60tiRjV1/gplTnOfvT4oz9iZCdUpxhCYi1yk6xVulJ1vLgxPRvyXT2ghRTB18AAAAASUVORK5CYII='),
('C93', 'Costa Laterza', 'Uxui', 'Java Script for Front Developer', 5, '48 hours', 'advanced', 'data:image/png;base64,iVBORw0KGgoAAAANSUhEUgAAABAAAAAQCAYAAAAf8/9hAAAABGdBTUEAAK/INwWK6QAAABl0RVh0U29mdHdhcmUAQWRvYmUgSW1hZ2VSZWFkeXHJZTwAAAH/SURBVBgZBcE/jN9zHAfg5/35fn6/6/XqVEmkISHif2KQRsQgLEg4g4TJYrExYTXabJIbDZJOFoNRQssgERNiYJFeOE21QfTuft/v5+V5Konn3r/0xvbu1uutXMApFCikyDCP8euNa/mi/r7+3uX9vROASuLFD765/MnbFx5prc6GSQBIIK7+u3Hxuxv++O34v59++Pnc1/t7x9ChTfXQuk9nf/zT1KooMlgyzHPc3CyefeAWTz7YfTuuns54+Pozb31+21cfvXTcoKrOJJnWU7Nq9GJqTEUVTWE4v7u298R5996/td13dz6GBqGgoRWtSqvSqrQqbSq//3XTPWc2Hj1X3nzqdtNqeg06QEKfKCVVxhJa6RPrNL9ci5MxG+PE0/dtqd5m6JAQ9GoigmqlkEGmxpo2yhiTaFQDHYKBKkoJggxWE6CaWkpaDCRAhzGTMFBIAlrDKH0KKUKUZbAMoMMYkYQQASBAKRV6Y+DUimUO6LAMlpDBABAwwjIIRkixmpr5ZAYdxhwjsf/lywAAAADgsVc/szkeoMM8L5YFuPuuOwEAAMCVg0MZsTmaQYf5eIx5jKCuHBwCAAAA6L2NeRkzdNgcLYc76+mOd174dCdJEwbg1u0OErZXTZWxmuqfZR4H0KEqHz7/7qVXqurxyGkAIYgAAUdjjO97cxH+Bxjp+96ObDbVAAAAAElFTkSuQmCC'),
('C94', 'Morgen Harsnep', 'Uxui', 'Basic HTML Theory for Beginners', 3, '24 hours', 'Beginner', 'data:image/png;base64,iVBORw0KGgoAAAANSUhEUgAAABAAAAAQCAYAAAAf8/9hAAAABGdBTUEAAK/INwWK6QAAABl0RVh0U29mdHdhcmUAQWRvYmUgSW1hZ2VSZWFkeXHJZTwAAAJOSURBVDjLlZLdTxJQGMa96K4/oPUHdFfrpntyZrXsoq25tlbroi6qi7ZuYsuZ0UXRWiv72NS0gjIgDQ1LS0wkwU/UVEREUkEIBBFE+V48ve/ZICza7OLZOTt739/znHPeEgAlhZpyB8+MLa58HHL63H2zy4muycVku8UZahl2TNJ688/6wsbd31yBLps3BNdqFCvrMYRjSURIvOdzzdAcmozWhTaLc+8WADXvHHb6RhYCEdEU2kiIJu/aBtwEywE3k2lQKjz8NB7Sjs7vygPMDu9ddogmUliNxsWaSGfwM5sViqcy+BHeFCl4r6YkzwzTnXlA9/SSh924md25qFDszMnmfGuga4pEd3QjiTxAN/49xY0c10MgjsuOuSssBdfh8IdBSUG1AibTDmbzAHrhZab6IzHQq6N3xo3+LyqY+1phMmig/9AISolm8yyMdo9IcKtt6HcC+h653uoScTsJ0K65jw5yYrWOOISrol6Kht4pcUV+g0efJwx5ADXtUA3a7aMLflHQoa0VzfTSoHMBUClqwL9EM4Lrb01JOt+zZQ7ob/c/N1qDDGEHBugKxO6mOS+qWswZRb/t9F+DxCLHAzQovsfdEyAYXn6d4cHBa7r7NXU/brwbiCpNtsNFJzEnaqp4KjufblDU4XbtJVTJL+BqjQynyvZl6e8P/nOUC1UtvehWNr+BUqlGXX0T7j14gpMVZcFitUUB0ivnBvQ9PQgEgrBYxvBC8QqVxyXz2wboVfKzlSeOxsrLD2VLSyXZY0ck8feN1Ze3Dfgf/QJBCig+4GhFlwAAAABJRU5ErkJggg=='),
('C95', 'Garey Hostan', 'Html', 'Figma for UXUI Designer', 5, '40 hours', 'Beginner', 'data:image/png;base64,iVBORw0KGgoAAAANSUhEUgAAABAAAAAQCAYAAAAf8/9hAAAABGdBTUEAAK/INwWK6QAAABl0RVh0U29mdHdhcmUAQWRvYmUgSW1hZ2VSZWFkeXHJZTwAAAIsSURBVDjLpZNNSFRRGIafc2fGP3Iaw58SSVyYJRHGCJUVtGldJLZoUS3atIqkdYStwkWLWhjiJghCpIWRLSKMQENFC/uhhsixn0HLTFPn3uvc+30tprlOIVH0wuEsDuf53vc73zGqyv8oDHD6+tPzQC1wAIiDKopBFMsyWAZEBPFZiIT1bUNNtBlRLrRuN6gqp65NdOs/6krvK1XVrAPgIEDP0Hxg7U/BzuzfxOv3C24QAdHNucP6ykIAjFn/8ptZFwDbyRQEAFUtyVVNfHb/qnnq+2YNIBrOWVtPK19GWZweoGpXO6GCaNa0L+QDDEDbpYc4IojCvcuHmUotgjjou9vEqltITvZiVbdRV70RFR8AKwvI0ubsDHt2VDFve0H1yMIg0co40S278WYeIctT2QjeL4Bsz5ccn4wqaTcLUDvFyvQApeUx/O/9VDaeYDXZh4qHiLcGMD8duG4GO+PjOxlQJfOhn/L6I+BMMHrzFhtiNu6nERanh1FvNc9B3qvnJnt5ZoJCWaK0LI24U6CCvzxG3aF2Pj65QcSk1wDiSUC4P5QkbITUWA+xrU1IehIVm3hrA7KaoqgoQbRmL83FYxoAfJEkwPOuo7zoPsaDcyGKyuopKZ1Dva9gQozfSQCCOAkqttXSFBnRxx07G42qcvzi4FVV3aaq+xApO1vRScvJLkJWEvW+/TbYFqHiBmZfPiNxt6PPrPedhzvjc+pLiYqiInlLgx0RVHX8BxTzXjKQ0/OBAAAAAElFTkSuQmCC'),
('C96', 'Truda Humberston', 'Uxui', 'Figma for UXUI Designer', 2, '64 hours', 'advanced', 'data:image/png;base64,iVBORw0KGgoAAAANSUhEUgAAABAAAAAQCAYAAAAf8/9hAAAABGdBTUEAAK/INwWK6QAAABl0RVh0U29mdHdhcmUAQWRvYmUgSW1hZ2VSZWFkeXHJZTwAAAIvSURBVDjLjZLbi1JRFMb9N3ro8mYgPqSBCIEPoQSGYYVREkxxTLQsREkjlRG18doxZbyGF7y8HAONQUgnENEHQyFmJqEnoQf/gBDKl/na+1RDEz6cDYvF3uz1W9/+9hIBEP0f1Wr1XKlUWuRyOaTTaUSj0W8+n0+86a5o02GhUHjX7XYxGAzQ7/dRLBZhMpn2BAMSicR4e3sbyWQSFFSr1WAwGA4EA4jcMc0ulwudTodXoNPphAOCwSAPcLvdaLVayGQy0Gg0wgFer3fsdDoRDofRbDb5p6hUKuEAu90+LpfLqNfroCpisRgUCoVwgMViGdEvJErQfGrD4rkTP23WYzx70iPBbAQ0Go0LJNbUcbPZjHw+D/KdWHpe4PiQNJ9+wrrF4cvN2zAajb5TAFpM5K6n0ykCgQD0ej1kMhkkEgm4uwZ8jcfQzLjhTN/Do9c3YAxehZq5/PEEQLryxavVCsvlEovFAvP5HLPZDKPRCG/qIfi5B9g72sXnZQ9s34o7rBSKx2fifycPk8mENy2bzYJlWYRCIXg8HjgcDtx/pUbnMInOPAW64vsmsPtmCvjBA1KpFIbDIWgmcw+/38+7b7PZwDAMrr+8hO7RW/y73h/sUsBvIyKRCD/zdGzb7TY4jgPxBZVKhTfyiu08Yr2H2Olt8cU7H7ZOK7BardBqtVCr1XRgoFQqIZfLIZVKIRaLIb12FrfiF5HoMXxnmun+xAMhQS6HSXynsv/kMD3/Bc9MubHqnCOyAAAAAElFTkSuQmCC');
INSERT INTO `courses` (`id`, `author`, `category`, `title`, `rating`, `hours`, `level`, `image`) VALUES
('C98', 'Marcel Casement', 'Python', 'Python for Engineer', 3, '64 hours', 'Beginner', 'data:image/png;base64,iVBORw0KGgoAAAANSUhEUgAAABAAAAAQCAYAAAAf8/9hAAAABGdBTUEAAK/INwWK6QAAABl0RVh0U29mdHdhcmUAQWRvYmUgSW1hZ2VSZWFkeXHJZTwAAAK4SURBVDjLlZJdTJJxFMZp6C2bd+bWhTXXReuirbtuWuZFMyt1iX04bWlfNmlqoqCCfDZSS1ABwUQ0NSQVVD5ETcCVqLS6yK8EslpttdlFoS6Vp//7urVaLuvdzs357/c8zznvYQBg7FR3vbKwfEzE2u5tR1jhkYR1/kZIR4WodJax/kvgjlscbvLXw/62H5opFcrtXBRbb7H+SYBEDmunKdgK02IbbG/6oHxajSJLAfK7r7D+KiB7UhXWTKtgX7Lg0es2GOd04A4UYSDUi2qvHNdNebjUnsXaVkA6Kgirp5SwEVjhlULqFsIwq0XLrAYP51tgDZlR5arARUPmyh8C4pHKlcbJOhLXgsDXeaxtrKLzRTskY5VbcNAMoYuP8y0Z67+NoPLVJoiGK743+O7Tsyo8UhpWexoQWg5A7hHBEuyGYIhPOSOr9RzY+vQoWkDlq6kQkUj1E/douGvBSGILaGcKFjuEW7CTRzlj4uM4yh2lSNOektACVCTVRC0GyYI6F1rpWR/MqCEmseVuEfoC3ahwlkElS4Q7ex+GE6MxxI6FuPAATiiTYhiSEYGBFPTP1egPPUZxPwfNrxrRNtdMYBPt1lSdjJclR7A6WIPIjAPhrkJM5h/cbE2PUTAko4LdVArqSNRTdXRc46x+Cya9PHMOHJlxWCEwlCkANwaQxeOz4iicx5lBeok8222dwa9HkZUD5bMa9C6awLeV4KwuFXwiMnwsChF/D379vghiqX6EFii2cvZXuco3XEE7bpqvgggiVXMqQjbtSNee5jmTmO++NV8GCLRWwsAyqaVrTJD+e1qgoOdGNLmu3ryOnE1OTz7OqE+uZ+jTDpNN76Xevew4oS83Yf0DNx6fyqIRyN2FkZSoDUcSk/fziHI7cg5lGy9Mk1+VvN15j7P3lBLHEBWbSkTBVP8HrJC/O3IOxUMAAAAASUVORK5CYII='),
('C99', 'Robenia Spears', 'Uxui', 'Basic HTML Theory for Beginners', 2, '56 hours', 'Intermediate', 'data:image/png;base64,iVBORw0KGgoAAAANSUhEUgAAABAAAAAQCAYAAAAf8/9hAAAABGdBTUEAAK/INwWK6QAAABl0RVh0U29mdHdhcmUAQWRvYmUgSW1hZ2VSZWFkeXHJZTwAAAMNSURBVDjLdZNLaFx1GMV/d+bO3DtJxkwSSWNq05YkrTVa04qIiOiiRIxgE2ohhUIKRQQFBcGiIiJiFaGIYEFERFy5dCE1pQ8JIbSEJhG66GM6idOk6Uwyec7zztz7/z4XlSw0nvXhx4FzjqWqbKXb517rQeRzFY2ryPv7Bkf+3Mpn/RuQHDncqqLvqMjbLZ2DCVNZZjV9uaii36uRr58Yunx/S8Cd8wMRVT2hIqfi2/u6tu17nZAYiplJIk6YpdQo6/em7qrIGRX5sXd4vLIJSJ4f6EP0Y6ep94Vtjx3BbeoGrRGs3eGv0dPsePx5QnU7qZZyLKamKORuTqgxpw++MfGbdXvk8E+IDD/cNWS5zU/iFZbZyN3E1Ir4pQyOVaWtYy94a4QbOgi5cfKZJIupKcprd3+x1cjxPYfOWn5hmWJmFKnlcco5yvkM+fkFDg59SyRWD6U0Wkph5ZO0tO+nsRmmf589aqtISbEao65DvLmDSu4GdU0JEk0xYpTBmwMTBW8BKvOUsxMU01dwdx1BjZRsFQEBrCiRxm4iThxvaRIpLhEJg1WegZBSy16ikF8niCUg6qB+gIpgqxEe9GBAq2DX47YeIIjGcL0VJHuRDb9A4DZgnDhSrkGgSC1AjcFWYx4UqgbEBymDVrEbthNv28PG6iR+yGVlIsfKtTm8xXVCD0VpfY5/EojEQpEIEINgBaQK4oGpgttOoLA6sUIt6/L08Q9xdvdQuX6BG+OX8IP1+pAaGZsd+4bK2hw47RCuA1MD9QFBfSFzJUn3S0dxZ0axfj5G3eyv7Opopja3HthizKuF+fHhW+mxU82dh7oe3d9POL4XyinwSpiqj1mr4bbthv73Nidsf/oIIU+czSlP//Bsq4q8q0bean9qINHe2w++R37+KtOffckzrwxSP3eOaiVLGSjkw9yaYeE/Z7p29kCPGvlIRY51vnjSqiylmb/4B3be0x0tgWWH7lHIBaQXw8b39BPr/+589UxPn4p8gEhURb7ierWntHr/zbCxdpqwLih89/KF4Iu/AXSvuZLBEiNYAAAAAElFTkSuQmCC');

-- --------------------------------------------------------

--
-- Table structure for table `coursesdetail`
--

CREATE TABLE `coursesdetail` (
  `id` varchar(10) COLLATE utf8mb4_general_ci NOT NULL,
  `courseOverview` varchar(100) COLLATE utf8mb4_general_ci NOT NULL,
  `whatYouWillLearn` varchar(200) COLLATE utf8mb4_general_ci NOT NULL,
  `curriculum` varchar(200) COLLATE utf8mb4_general_ci NOT NULL
) ENGINE=InnoDB DEFAULT CHARSET=utf8mb4 COLLATE=utf8mb4_general_ci;

--
-- Dumping data for table `coursesdetail`
--

INSERT INTO `coursesdetail` (`id`, `courseOverview`, `whatYouWillLearn`, `curriculum`) VALUES
('C01', 'ac nulla sed', 'ligula vehicula consequat morbi a ipsum integer a nibh in quis justo maecenas rhoncus aliquam lacus morbi', 'consequat varius,donec quis orci eget orci,nibh ligula nec sem duis,proin at,convallis nunc proin'),
('C02', 'at diam nam', 'at dolor quis odio consequat varius integer ac leo pellentesque ultrices mattis odio donec vitae nisi', 'felis sed interdum venenatis turpis,lorem id,ut rhoncus aliquet,dictumst maecenas ut massa,maecenas rhoncus aliquam lacus'),
('C03', 'dis parturient montes nascetur ridiculus mus etiam vel augue vestibulum', 'sit amet eros suspendisse accumsan tortor quis turpis sed ante vivamus tortor duis mattis egestas metus aenean fermentum donec ut', 'ac lobortis,in purus eu magna vulputate,diam vitae quam suspendisse,fermentum justo nec,mattis pulvinar nulla pede'),
('C18', 'volutpat convallis morbi odio', 'sit amet cursus id turpis integer aliquet massa id lobortis convallis tortor risus dapibus', 'nec nisi vulputate nonummy maecenas,eget nunc,libero quis orci,nam tristique tortor eu pede,duis aliquam'),
('C19', 'convallis nunc proin at turpis a', 'volutpat eleifend donec ut dolor morbi vel lectus in quam fringilla rhoncus mauris', 'sapien dignissim vestibulum vestibulum ante,tincidunt eu,bibendum felis sed,libero nullam sit amet,vestibulum rutrum rutrum'),
('C20', 'dolor sit amet consectetuer adipiscing elit', 'dictumst maecenas ut massa quis augue luctus tincidunt nulla mollis molestie lorem quisque ut erat curabitur gravida nisi at nibh', 'blandit ultrices enim lorem ipsum,mauris laoreet ut,donec vitae,duis faucibus accumsan odio curabitur,luctus rutrum nulla tellus'),
('C30', 'ultrices posuere cubilia curae', 'in blandit ultrices enim lorem ipsum dolor sit amet consectetuer adipiscing elit proin interdum mauris non ligula pellentesque', 'congue vivamus metus arcu,nunc proin at turpis a,ridiculus mus vivamus vestibulum,erat tortor sollicitudin,amet nunc'),
('C36', 'mauris sit amet', 'sed tristique in tempus sit amet sem fusce consequat nulla nisl nunc', 'pede ullamcorper augue a suscipit,sed vestibulum,ut mauris eget massa tempor,sit amet diam in,nisl aenean lectus pellentesque eget'),
('C38', 'sociis natoque penatibus et magnis dis parturient montes nascetur', 'sem fusce consequat nulla nisl nunc nisl duis bibendum felis sed interdum venenatis turpis', 'amet consectetuer adipiscing,sapien arcu sed augue aliquam,platea dictumst,vel augue vestibulum,justo etiam pretium'),
('C39', 'mauris sit amet eros suspendisse accumsan tortor', 'diam neque vestibulum eget vulputate ut ultrices vel augue vestibulum ante ipsum primis in faucibus orci luctus et ultrices', 'nisl ut,quisque porta,vel augue vestibulum ante ipsum,odio consequat varius integer ac,non velit nec nisi'),
('C40', 'habitasse platea dictumst aliquam augue quam sollicitudin vitae consectetuer', 'donec odio justo sollicitudin ut suscipit a feugiat et eros vestibulum ac est lacinia nisi venenatis tristique fusce congue diam', 'luctus et ultrices posuere cubilia,habitasse platea dictumst etiam faucibus,maecenas leo odio condimentum id,blandit lacinia erat vestibulum sed,sit amet cursus id'),
('C41', 'elementum ligula vehicula consequat morbi a ipsum', 'ut massa quis augue luctus tincidunt nulla mollis molestie lorem quisque ut erat curabitur gravida nisi at nibh', 'vestibulum proin eu,diam erat,quisque erat eros,nec condimentum,varius ut blandit non'),
('C44', 'vel ipsum praesent blandit lacinia erat vestibulum sed magna at', 'platea dictumst aliquam augue quam sollicitudin vitae consectetuer eget rutrum at lorem integer tincidunt ante', 'hac habitasse platea dictumst,integer ac leo,ridiculus mus vivamus vestibulum sagittis,curae nulla dapibus dolor,ligula nec'),
('C45', 'vitae nisi nam ultrices libero non mattis pulvinar', 'egestas metus aenean fermentum donec ut mauris eget massa tempor convallis nulla neque libero', 'luctus et ultrices posuere,id nulla ultrices aliquet maecenas,id lobortis convallis tortor,ultricies eu,enim sit'),
('C54', 'at vulputate vitae', 'amet eleifend pede libero quis orci nullam molestie nibh in lectus pellentesque', 'imperdiet sapien,sed tristique in tempus,suscipit a feugiat,cursus urna ut tellus nulla,venenatis non sodales'),
('C56', 'nulla sed accumsan felis ut at dolor quis odio', 'purus eu magna vulputate luctus cum sociis natoque penatibus et magnis dis parturient montes nascetur', 'mauris viverra diam,morbi a,fusce congue,pede libero,porttitor id consequat in consequat'),
('C61', 'tristique est et tempus', 'sit amet lobortis sapien sapien non mi integer ac neque duis bibendum', 'consequat morbi,feugiat et eros vestibulum ac,eu massa donec,sapien in sapien,sociis natoque penatibus et'),
('C63', 'erat curabitur gravida nisi at nibh in hac habitasse', 'viverra dapibus nulla suscipit ligula in lacus curabitur at ipsum ac tellus semper interdum mauris ullamcorper purus sit amet', 'mi sit amet lobortis sapien,lacinia eget tincidunt eget,ac diam cras,aliquam lacus,quam nec dui luctus'),
('C69', 'tristique est et tempus semper', 'pellentesque ultrices mattis odio donec vitae nisi nam ultrices libero', 'erat nulla tempus vivamus,dolor quis odio consequat varius,amet cursus id,justo in blandit ultrices enim,donec vitae nisi'),
('C73', 'ultrices enim lorem', 'sapien dignissim vestibulum vestibulum ante ipsum primis in faucibus orci', 'ultrices mattis odio donec vitae,felis donec,vestibulum vestibulum ante ipsum,pede malesuada in imperdiet et,metus vitae'),
('C75', 'tellus semper interdum mauris ullamcorper purus sit', 'ultrices libero non mattis pulvinar nulla pede ullamcorper augue a suscipit nulla', 'ipsum primis in,integer ac neque,vel est donec odio,sapien arcu,odio elementum eu interdum'),
('C78', 'quam pharetra magna ac consequat', 'risus praesent lectus vestibulum quam sapien varius ut blandit non interdum in ante vestibulum ante ipsum primis in faucibus', 'curae mauris viverra,congue elementum in,dui proin leo odio,nulla ut erat id mauris,enim lorem ipsum dolor'),
('C80', 'lorem integer tincidunt ante vel ipsum praesent blandit lacinia erat', 'non interdum in ante vestibulum ante ipsum primis in faucibus orci', 'augue aliquam erat,sagittis dui,id sapien in,vulputate nonummy maecenas,ultrices erat tortor sollicitudin'),
('C81', 'lectus pellentesque at nulla suspendisse potenti cras in', 'neque aenean auctor gravida sem praesent id massa id nisl venenatis lacinia aenean sit amet justo morbi', 'eu sapien,ante ipsum primis,elementum nullam varius nulla facilisi,eu felis,mi nulla'),
('C86', 'metus arcu adipiscing molestie hendrerit at', 'in purus eu magna vulputate luctus cum sociis natoque penatibus et magnis dis parturient montes', 'dolor vel est,elementum in,amet erat,ullamcorper augue a suscipit nulla,aliquam convallis nunc proin at'),
('C90', 'dictumst etiam faucibus cursus', 'neque vestibulum eget vulputate ut ultrices vel augue vestibulum ante', 'elit proin,amet cursus,vitae nisi,nisi volutpat eleifend,et tempus semper'),
('C91', 'velit vivamus vel nulla eget eros elementum pellentesque quisque', 'justo sit amet sapien dignissim vestibulum vestibulum ante ipsum primis in faucibus orci luctus', 'sapien arcu sed,nulla nunc purus phasellus,viverra dapibus nulla,adipiscing lorem vitae,quisque arcu libero rutrum ac'),
('C92', 'leo rhoncus sed vestibulum sit amet cursus id', 'primis in faucibus orci luctus et ultrices posuere cubilia curae nulla dapibus dolor', 'pellentesque volutpat dui,eu mi nulla ac,duis aliquam convallis nunc,curabitur convallis,adipiscing elit proin'),
('C93', 'sapien dignissim vestibulum vestibulum ante ipsum primis', 'sociis natoque penatibus et magnis dis parturient montes nascetur ridiculus mus vivamus vestibulum sagittis sapien cum sociis', 'odio justo,vivamus in,maecenas tristique est et tempus,rhoncus aliquet pulvinar sed nisl,imperdiet sapien urna'),
('C94', 'etiam pretium iaculis justo in hac habitasse platea', 'interdum venenatis turpis enim blandit mi in porttitor pede justo eu', 'sed justo pellentesque viverra pede,velit vivamus vel,rhoncus aliquam lacus morbi,primis in,primis in faucibus'),
('C96', 'non mattis pulvinar nulla pede ullamcorper augue a suscipit', 'hac habitasse platea dictumst aliquam augue quam sollicitudin vitae consectetuer eget rutrum at lorem integer tincidunt ante vel ipsum praesent', 'in blandit ultrices enim,nulla justo aliquam,in eleifend quam a odio,vestibulum ante ipsum primis in,in est risus'),
('C98', 'sed tincidunt eu felis fusce', 'quisque id justo sit amet sapien dignissim vestibulum vestibulum ante ipsum primis', 'quisque erat eros,vestibulum ante ipsum primis in,proin interdum,in porttitor pede,orci vehicula condimentum curabitur in');

-- --------------------------------------------------------

--
-- Table structure for table `mywork`
--

CREATE TABLE `mywork` (
  `courseId` varchar(10) COLLATE utf8mb4_general_ci NOT NULL,
  `author` varchar(20) COLLATE utf8mb4_general_ci NOT NULL,
  `workTitle` varchar(100) COLLATE utf8mb4_general_ci NOT NULL,
  `likes` int NOT NULL,
  `category` varchar(20) COLLATE utf8mb4_general_ci NOT NULL,
  `imgPath` varchar(1500) CHARACTER SET utf8mb4 COLLATE utf8mb4_general_ci NOT NULL,
  `status` varchar(10) COLLATE utf8mb4_general_ci NOT NULL,
  `grade` int NOT NULL
) ENGINE=InnoDB DEFAULT CHARSET=utf8mb4 COLLATE=utf8mb4_general_ci;

--
-- Dumping data for table `mywork`
--

INSERT INTO `mywork` (`courseId`, `author`, `workTitle`, `likes`, `category`, `imgPath`, `status`, `grade`) VALUES
('C41', 'Seka Hambright', 'Minimal Viable Product (MVP) Concept', 827, 'Js', 'data:image/png;base64,iVBORw0KGgoAAAANSUhEUgAAABAAAAAQCAYAAAAf8/9hAAAABGdBTUEAAK/INwWK6QAAABl0RVh0U29mdHdhcmUAQWRvYmUgSW1hZ2VSZWFkeXHJZTwAAAHnSURBVDjLpZM/a1RRFMTPfXv3L5sYIXYSxMbCWsTCOo1JGlPYWKeyshE7v4JNwCZfQRBBBBsLERsbv4K1hGz23TMz91i8t4muleQ0h1vM3B/MnBQRdpVJz78c3Y8wq5KJMlJGyOg0OAyrXbr9/tmnr38a5IjYFOtnUUawE+NvkZfVGw/XCTIhE5Ums/GL0WRklZckWCM5P1vuHBzvPuhJXvUGNEJpPB3d8sLXgoYEh6IGdGYAGc4Gjrw4XbbD0eA7Ch5fEMBpdCY4Ex2T2cb0TcQ4VSqRSiQToUSnTefTiailt37t4Hj3GxyWUWBwNMTY4Byb2Z2zX4uXVdoi61zSlqg5wZkv/UatsShLH1iynyjYz966oSMwFI4IWUS9LdWNKm0ImhEYwzV050xSeMHALBovsFzajgAFqRSfEDSx3hQ1AzShYwTnAI4BWh+SGnoLC4uKQusJcK9dtNuL0+XdzetzK63vEMwXwi7GhAITa+PFI8IqHJbfHn34aGZ2eLL3pMnNDxRYlYogEWzgSl0KNDgrnIHOgAQtr+LoSR5569ae+7YXJDhq/3ugIAAanQFnNTMQtLR+C4cnewHHOxQEHOGFtTOg4BBBsaMLUU/zejUvSMpllVf3QO+r3re1Sv8S/O80dsX5DaeOJ5G2UDDRAAAAAElFTkSuQmCC', 'ungraded', 0),
('C73', 'Connie Nieass', 'Custom Tool Development', 258, 'Html', 'data:image/png;base64,iVBORw0KGgoAAAANSUhEUgAAABAAAAAQCAYAAAAf8/9hAAAABGdBTUEAAK/INwWK6QAAABl0RVh0U29mdHdhcmUAQWRvYmUgSW1hZ2VSZWFkeXHJZTwAAANDSURBVDjLXZNLaFxlAIW/+5hn5pkXMWFSU0uN9mFaUlNIUqmkjVIFFRVEUczChVKyduNOETeC+FipEcXajS0VrcQWW2zEllSSUkNK0pjUJNPJZGYyd5I79/H/93dTS/EsD4ePs/k0pRT3ZnRiZBA4DhwAWgATqAKXVaA+/Wjwy5/v3Wv/AUYnRkxgDHj+6dxQJBtrwbIbsD0Q0kFQ4Hz+rJBC/iKEfPHzJ7/bvAsYnRgJAb/2Nu/qP5o7jOVEcPGYtzTCKkLJDlDCI4ZN3v2NydXJa8IXh7594XRVv/NkbH/Tzv6B9l7K0sPXNYTQqYswNmHKboQ1J8ZyNURn4lF62x7c67n+CQCjcuTWAPDByzufMq7LLfLUqQeCTSdB2Q1hOTC3UqO6tUUkW0JLz3GwuZvzM1e2f315bNroG9n34XB7327NiJHXBahW7pMJrhYM6o7OzMomQbRCZNsN3NQcxaCCWZHsbsrpVxdnG03gQC7VwZS9SjGq87DxAAGCpTUPx6mTblNYjePMBxvgKjIiwlzRZej+/fiu2GMCTXGzgSV7lTXXJhnfzoaXpFIJSLc4tGZtirIHy50momrU1kuUN+IkYkl8T2RMpZSmKfBcC0UOMyQ5+4ePFkuQnxfoKkV7S51kbRBrxcdhEt/7G5RCCKGZUgRly7M6mowMyegjLBdNHD9EOBoh2hrj5kIJ50qGwcJpjuZ/ILb+D1upGKUNiRRB1RS++HOxfKtjRzzHudsTZOI7CBs5fMdGGRnCiSwHF09xLDTJQ6+9RaRrF/Vr4/x16RxDVtHSfU98/P3sRbEt0YJpr1At/U4262IKl5CmiOgG3de/ofvwc0RvXkD76iXiC6fo6mxkoLCe0b84dnLcc/2fxmcu8lhHD2mjgWwiIB2WpMIOyZBLdrNAtK0Ljp+B98vw9gLm1ixxXzWbAL7rv3JhbuqSW/f2Du87xI01E6OqEFoNP9CxU43YUz/ScOZN3PptbKBmGUiD1bsyPfHJ40nhi5PCl0de7X/dRLahVBxN18hNnyA1fZHORh9TX6ZWFCwWDOk76h3t/zr3v9v3rBTyDSmDPYEMsnfq6jMl2+5ZWkzHPdUkDbWi4LPhcfHevzBSqkykNJyOAAAAAElFTkSuQmCC', 'ungraded', 0);

-- --------------------------------------------------------

--
-- Table structure for table `users`
--

CREATE TABLE `users` (
  `userId` varchar(30) COLLATE utf8mb4_general_ci NOT NULL,
  `passWord` varchar(20) COLLATE utf8mb4_general_ci NOT NULL,
  `role` varchar(10) COLLATE utf8mb4_general_ci NOT NULL,
  `deleteFlag` int NOT NULL COMMENT 'delete = 9, Otherwise = 0'
) ENGINE=InnoDB DEFAULT CHARSET=utf8mb4 COLLATE=utf8mb4_general_ci;

--
-- Indexes for dumped tables
--

--
-- Indexes for table `courses`
--
ALTER TABLE `courses`
  ADD PRIMARY KEY (`id`);

--
-- Indexes for table `coursesdetail`
--
ALTER TABLE `coursesdetail`
  ADD PRIMARY KEY (`id`);

--
-- Indexes for table `mywork`
--
ALTER TABLE `mywork`
  ADD PRIMARY KEY (`courseId`);

--
-- Indexes for table `users`
--
ALTER TABLE `users`
  ADD PRIMARY KEY (`userId`);

--
-- Constraints for dumped tables
--

--
-- Constraints for table `coursesdetail`
--
ALTER TABLE `coursesdetail`
  ADD CONSTRAINT `course_constraint` FOREIGN KEY (`id`) REFERENCES `courses` (`id`) ON DELETE RESTRICT ON UPDATE CASCADE;

--
-- Constraints for table `mywork`
--
ALTER TABLE `mywork`
  ADD CONSTRAINT `mywork_constraint` FOREIGN KEY (`courseId`) REFERENCES `courses` (`id`) ON DELETE RESTRICT ON UPDATE CASCADE;
COMMIT;

/*!40101 SET CHARACTER_SET_CLIENT=@OLD_CHARACTER_SET_CLIENT */;
/*!40101 SET CHARACTER_SET_RESULTS=@OLD_CHARACTER_SET_RESULTS */;
/*!40101 SET COLLATION_CONNECTION=@OLD_COLLATION_CONNECTION */;
